Date received,Product,Company,State,Complaint Text
2023-07-14 00:00:00,Credit card or prepaid card,CAPITAL ONE FINANCIAL CORPORATION,CA,"Capital One bank advertised on XXXX about their Quicksilver Cash Rewards XXXX -- {$200.00} bonus if used for {$500.00} in first XXXX months, and 0 % APY on balance transfers for XXXX  months. On XX/XX/2023, I selected "" apply here '' and completed the Capital One application which was approved. I received the card in the mail and activated it the same day by phone -- XX/XX/2023 -- the front side was identical to the card described and pictured on the XXXX XXXX website. I then used it for over {$600.00}, well within the time required to earn the bonus. On XXXX XXXX I called Capital One customer service, and was informed by the representative that the credit card i had received from them did not qualify for the {$200.00} bonus feature or the 0 % apy feature on purchases or balance transfers.After considerable discussion, she continued to maintain the same position. I asked to speak to her supervisor and he came on the line and I told him the whole story. He insisted that the card i was sent did not contain those features. I suggest that he might be violating federal law, but he did't waiver from his position. on the same day of the troublesome phone call, they sent me a letter announcing a 29.74 % apy 0n balance transfers. I have always paid the statement balances, on time on this card."
2025-06-03 00:00:00,Credit card,BARCLAYS BANK DELAWARE,FL,"The charges made on this account were not made or authorized by me. I have disputed these charges before, and I will continue to dispute these charges until they are removed from this account and my credit file. I have over one dozen card accounts all of which I pay on time or before time. In review of my credit report, you will find that the average age of the accounts is 8 years and that I have a 100 % payment history of on time or before time. The only exceptions to this fact are those accounts wherein I dispute certain unknown or unauthorized charges."
2024-06-07 00:00:00,Credit card,SYNCHRONY FINANCIAL,CA,"On XX/XX/XXXX I made a purchase with my XXXX Mastercard for {$2500.00} and another on XX/XX/XXXX for {$3200.00}. Both charges were shown as pending transactions on the day of purchase. On XX/XX/XXXX I cancelled the {$2500.00} order and the vendor issued a refund. 

As of XX/XX/XXXX, Synchrony Bank is showing all transactions posted and all still pending. They did not remove the pending authorizations even though the transactions fully processed and posted, including the refund of the original {$2500.00} charge that was also posted. 

As a result, Synchrony is showing available credit of - {$3100.00} due to hitting me with duplicate posted and pending transactions. Every other bank removes a pending authorization the moment a transaction is processed and posted. The account manager I spoke with on the phone, XXXX, said that this is an issue with the merchant and that they double charged me on the two days, and only one of each transaction posted with the remaining double still pending. However, another representative I subsequently spoke with said there aren't any double charges on the merchant 's end and that their authorization remains valid for a specific amount of time even though the transaction processed and posted. 

Synchrony is telling me to wait 5-6 days for the pending transactions to fall off my account even though the original authorizations already posted, making this MY PROBLEM. They are trying to blame the vendor, who has verified that they DID NOT double charge me. I am not being given a clear answer as to why I have to wait for pending transactions to fall off even when they were already processed and posted. All they can do is blame the vendor who didn't do anything. I was also told its something with the "" online ordering process '', which makes no sense. I have never experienced this ordering from this specific vendor with my other credit cards or any other vendors/credit cards, only the Synchrony Bank XXXX Mastercard & Synchrony bank policies that harm the customer seem to be the issue."
2024-02-05 00:00:00,Credit card,"CITIBANK, N.A.",MD,"I disputed a unauthorized charge from XX/XX/year> for {$140.00}. Citi looked into this and the vendor ( XXXX XXXX XXXX XXXX XXXX XXXX XXXX ) said we received the merchandise to our HOME ADDRESS so they reversed the charge back to me. I then took it upon myself to look into delivery options from XXXX XXXX XXXX and they do not offer shipping to home address and will only email the tickets to the purchaser. The email address used was not mine or my wife 's so that is how they stole our identity and purchased tickets ... nothing was sent to my home address and I contacted Citi and explained this to them but they still won't reverse the charge and have delayed this for almost 6 months now and are charging late fees and interest and constantly calling me to make payment. I have called them many times asking what else they need from me to prove this was an unauthorized payment and they say they are looking into it... nothing ever gets done and I am fed up with them treating me like a criminal as we had 4 charges total that were unauthorized on XX/XX/year> and they deemed 3 of the 4 charges not mine but keep trying to get me to pay for this 4th charge even though our identity was stolen on this date and they all used my wife 's name and address but a different email address, not ours."
2024-10-11 00:00:00,Credit card,"Bread Financial Holdings, Inc.",CO,"I purchased furniture from Arhaus XXXX on XX/XX/year>, on the condition that I take advantage of the financing promotion they were offering. The price of the furniture was {$4800.00}. When I asked about the financing option, the sales associates in the store ( XXXX XXXX XXXX XXXX XXXX XXXX XXXX XXXX ) explained to me the promotion is for a credit card with Comenity bank, offering 6 months of 0 % interest/APR financing. They further explained to me that if the balance isn't paid off by the end of the 6 month promotional period, then interest will start accruing. However, after recently reviewing my credit card statement, I noticed a {$720.00} interest charge. Thinking this was a mistake, I called Arhaus XXXX  on XX/XX/year>, and they told me the finance promotion was for 6 months of deferred interest, not 0 % interest. At the time of the purchase, all the sales associates I spoke to and all their advertising made it clear the promotion was for 0 % financing, which is false and incredibly misleading. As a result, I ended up having to pay full interest as of the time of purchase. This has caused significant financial hardship for me and neither Arhaus XXXX nor Comenity bank is willing to provide any support or take accountability. They falsely advertised their financing promotion in order to close a deal."
2024-08-22 00:00:00,Credit card,CAPITAL ONE FINANCIAL CORPORATION,FL,"Capital One National Association XXXX XXXX XXXX XXXX XXXX XXXX, UT XXXX To : CFO/CEO/LEGAL DEPARTMENT, Re : Formal Notice of Liability, Violation of 12 U.S.C. 411, 412, G.A.A.P., Equal Credit Opportunity Act, and Opportunity to Cure This letter serves as a Formal Notice of Liability against Capital One National Association on behalf of XXXX XXXX XXXX XXXX for clear and actionable violations of federal statutes, regulatory principles, and biblical legal precedents governing equitable commerce . 

On or about XX/XX/year>, Capital One engaged in discriminatory practices and the unlawful restraint of trade through its denial of my consumer credit application, thereby infringing upon my consumer rights under the following statutes and principles : - 12 U.S.C. 411 and 412 : These statutes mandate that financial institutions provide equitable and fair access to money and credit. Your denial, without justification or proper documentation, constitutes a violation of my consumer legal right to such access. 
- Equal Credit Opportunity Act ( 15 U.S.C. 1691 et seq. ) : This federal statute prohibits discrimination based on race, color, religion, national origin, sex, marital status, or age in credit transactions. The denial of my clients credit application appears to have been made on arbitrary or discriminatory grounds, violating this law. 
- G.A.A.P. : Capital One, as a financial institution, is obligated to uphold principles of transparency, fairness, and non-discrimination in its dealings. Your institutions failure to do so further substantiates these claims. 
- XXXX XXXX ( XXXX XXXX ) : In alignment with ethical standards, the law requires impartiality in judgment. Your failure to act justly violates these moral and legal principles. 

This Notice of Liability serves as both a legal demand and an opportunity for Capital One to rectify its violations by reconsidering the denial of my consumer credit application and extending an appropriate line of credit, in line with my consumer financial profile, within 14 days of receiving this letter. Should you fail to cure this breach, I will seek all available legal remedies, including but not limited to, filing complaints with the Consumer Financial Protection Bureau ( CFPB ) and pursuing compensatory and punitive damages for discrimination, lost financial opportunities, and emotional distress. 

Capital Ones conduct has caused real and quantifiable harm. I will pursue relief under 12 U.S.C. 411 and 412, the Equal Credit Opportunity Act, and other applicable statutes if you do not take immediate corrective action. Additionally, should this matter proceed to litigation, I will seek full discovery of your internal records related to this decision, which may further expose discriminatory practices, escalating your legal risk. 

I trust that Capital One will act swiftly and by the law to remedy this situation. Failure to do so will be seen as an explicit acknowledgment of guilt, opening the door for further legal and regulatory actions. 

Sincerely, /s/ XXXX XXXX XXXX XXXX XXXX 
President/ Trustee/Non-Decedent"
2023-11-30 00:00:00,Credit card,CAPITAL ONE FINANCIAL CORPORATION,AZ,"It is impossible for me to change my physical address in my profile. I have not lived in XXXX for 5 years and during that time I have tried to change my physical address several times a year, hoping that the Capital One IT system has changed but it has not. My ex girlfriend lives at the address in XXXX that is currently posted in my Capital One account. I'm not 100 % sure that this is the reason I get credit card offers for her at my Arizona address but it seems logical. I got married since moving from XXXX and my new wife does not like getting credit card offers for my ex-girlfriend here in Arizona. 
I have called a total of three times in attempts to resolve this. I even sent a letter addressed to the IT manager at Capital One but I have no idea if it was delivered to the desired individual. I don't know what else to do which is way I fill out a complaint now. 

The main problem lies in the Capital One IT system that apparently uses the US Postal Service database for "" valid addresses ''. I live in a very sparsely populated rural area and the US Postal Service does not deliver mail here. XXXX and XXXX does come here and we have a "" XXXX sign '' at the gate of our 120 acre property, so it is a very real address. Just because the postal service does not deliver here, does not make our address "" invalid '', which is a joke. 

Capital One needs to get IT people that actually know what they are doing and change the system so that a user can have a choice when they fill out their physical address. Instead of a prompt that basically tells they user that they don't know what their own address is, give them a choice that says, "" are you sure this address is correct? '' Why there is such a stringent method used by Capital One for customers ' physical addresses is a total mystery and beyond stupid. 

My Capital One accounts are Cabela 's and Wal Mart ending is XXXX and XXXX respectively."
2025-06-24 00:00:00,Credit card,NAVY FEDERAL CREDIT UNION,TX,"Over-the-Limit Balance Without Consent My credit card has a fixed limit of {$13000.00}. 

Recent transactions have pushed the balance to over {$14000.00}, without my approval or warning. 

I did not authorize overlimit transactions, and was never notified that they would be allowed. 

Allowing over-limit purchases without prior consent violates standard consumer protections and potentially the Truth in Lending Act. 

2. XXXX XXXX Not Reflected I returned a recent XXXX purchase ( specific amount : approx. {$12.00} ) that should have been credited back to my account. 

As of the most recent statement, this refund is missing. 

This gives the appearance that the bank has either withheld the refund or redirected it, which constitutes a billing error. 

3. Excessive and Unclear Interest Charges A charge of {$170.00} in interest was applied on XX/XX/year>. 

This appears to be based on inflated or invalid balances, particularly since the account exceeded the credit limit without authorization. 

I have not received a breakdown of how this interest was calculated. 

4. Transactions Labeled "" Non-Disputable '' Several charges are flagged internally as non-disputable, preventing standard dispute procedures. 

This designation is concerning and potentially deceptive, especially when charges may involve billing errors or fraud.

I request full transparency on how and why these transactions are labeled this way. 

Requested Actions : Immediate investigation into the overlimit activity and who authorized it. 

Full accounting of interest charge calculation. 

Confirmation and processing of the XXXX refund. 

Removal of the non-disputable designation to restore my dispute rights. 

Refund of any improperly applied interest or overlimit fees."
2026-03-23 00:00:00,Credit card,JPMORGAN CHASE & CO.,NJ,"Subject : Formal Dispute of Late Payment Reporting To Whom It May Concern, My name is XXXX XXXX XXXX XXXX, and I am writing to formally dispute a late payment that has been reported on my credit file in connection with my credit card account. 

The reported late payment is inaccurate and does not reflect the true circumstances surrounding my account. This issue arose as a direct result of my personal bank account being closed, which prevented me from making my scheduled payment. This was an unforeseen situation beyond my control, and I did not willfully neglect my financial obligation. 

Once I became aware of the issue, I acted immediately to resolve the balance and bring my account current. I have otherwise maintained a responsible payment history and take my credit obligations very seriously. 

Under the Fair Credit Reporting Act ( FCRA ), I am requesting a full investigation of this matter. If the information can not be properly verified as accurate and complete, I respectfully request that the late payment be removed from my credit report. 

Additionally, I request that you consider this situation for a goodwill adjustment, as this isolated incident does not reflect my overall credit behavior. 

Please provide me with written confirmation of the results of your investigation. If you require any further documentation, I am willing to provide it promptly. 

Thank you for your time and attention to this matter. 

Sincerely, XXXX XXXX XXXX XXXX"
2025-11-19 00:00:00,Credit card,"CITIBANK, N.A.",TN,"I am filing a formal complaint against Citibank regarding multiple unresolved billing errors on my Best Buy Citi XXXX account ending in XXXX. These issues began on XX/XX/year>, and despite repeated attempts to resolve themincluding an email from Citi on XX/XX/year> acknowledging their own errorthe account has still not been corrected. The errors have now escalated and Citibank is billing me for balances I do not owe. 

1. Incorrect creation of two {$700.00} promotions ( {$1400.00} total ) In XX/XX/year>, I made a {$700.00} payment and requested it be allocated to a specific promotion. They did reallocate the payment, but in addition, a Citi representative mistakenly created two new {$700.00} promotional balances, both dated XX/XX/year>. Citi has admitted this error in writing. 

2. Citi removed the promotions but failed to remove the {$1400.00} balance itself On XX/XX/year>, Citi told me the two erroneous promos were deleted. However, the {$1400.00} balance was not removed. Instead, Citi reclassified it into an Other Balances category and charged interest on it = {$1400.00} 3. Improper interest charges caused by Citibanks own mistake Because Citi left the {$1400.00} balance on the account for months, interest of {$190.00} was added. Citi did not disclose this until later. They issued a {$300.00} credit, but never explained that the credit was to offset interest caused by their own error. The underlying incorrect balance still remains. 

4. Account still shows an invalid Other Balance of {$1200.00} because I was forced to make a payment of {$120.00} to not get charged with interest toward the account. 
This balance does not correspond to any authorized purchase, promotion, or transaction. It represents Citis error, plus residual interest. Citi is now forcing me to make payments toward both my legitimate promotional balances and this invalid Other Balance.

5. False claim that I did not pay a {$2300.00} promotional balance A Citibank representative named XXXX sent a letter claiming I failed to pay off a {$2300.00} promotion. This is false. I have records, payment confirmations, and even a confirmation number from a Citi manager verifying I paid it in full. Despite this, Citi claims I owe {$500.00} by XX/XX/year>, and says I will receive a {$190.00} credit afterward. None of this makes sense, and it appears to be another error layered on top of the original one. 

6. Failure to provide itemized corrections or explain their calculations Despite acknowledging the initial error, Citi has not corrected the account balance. They have not provided any itemized breakdown, explanation of the remaining Other Balance, or justification for the alleged {$500.00} amount. 


7. Violation of the Fair Credit Billing Act ( FCBA ) Citi has : Admitted a billing error Failed to correct the error Failed to remove the associated balance Improperly charged interest on an acknowledged mistake Issued inconsistent, incorrect statements Continued to bill me for amounts I do not owe Provided inaccurate payoff information Failed to provide a written, itemized correction Failed to freeze the disputed amount as required during investigation These are direct FCBA violations.

8. Ongoing financial harm Citi is billing me for invalid amounts, charging interest on their own mistakes, and forcing me to make payments toward balances that are not tied to any legitimate transaction. I am now required to make two payments per monthone toward legitimate promotions and another toward a balance created entirely by Citis error.

Requested Resolution : I am requesting that Citi : Remove the erroneous {$1200.00} Other Balance ( originally {$1400.00} ), and credit me back the {$120.00}. 

Remove all associated interest charges. 

Correctly acknowledge and confirm that my {$2300.00} promotion was paid in full. 

Provide a full, itemized written correction for my account. 

Cease any attempts to collect the disputed balances. 

Ensure no negative credit reporting related to these errors. 

I have documentation, recordings of calls, confirmation numbers, and written admissions from Citi proving these amounts were created in error. 

I am asking the CFPB to intervene, as Citibank has failed to resolve these issues after months ( since XX/XX/year> ) of attempts."
2025-04-10 00:00:00,Credit card,"UPGRADE, INC.",CA,"On XX/XX/year>, I disabled auto-pay across all of my Upgrade accounts and received an email confirming auto-pay was disabled. Then on XX/XX/year>, I received an email that a payment was scheduled for auto-debit from my checking account despite me stopping auto-pay. I contacted upgrade again and was assured that this would be corrected. Then today, I logged in to pay my bill ( which was due today ) only to find that it had been auto-debited and in my account it clearly shows auto-pay as disabled. I have no confidence that they will not continue to do this. I did contact customer support who advised me that the autopay disable process was not completed on their end and that it would be another 3-5 days to resolve. If this was the first time, I could understand, but I have lost faith in the integrity of this company. I have never made a late payment, there is no justification for this."
2025-09-23 00:00:00,Credit card,"CITIBANK, N.A.",IL,"I am filing this complaint against Citibank due to what I believe is an unfair and intentionally damaging action to my credit profile. Citibank recommended that I open a 0 % interest balance transfer credit card to manage and consolidate my debt a strategy suggested by their own customer service team and supported by their online promotional tools. 

Shortly after following this advice and transferring approximately {$5000.00} onto the new card, Citibank suddenly and without clear explanation reduced the credit limit on XXXX of my existing Citibank credit cards by almost exactly the same amount. 

This action caused a substantial increase in my credit utilization ratio, which directly harmed my XXXX XXXX. It appears retaliatory or algorithmically timed to neutralize the benefit of the balance transfer, rendering the credit strategy useless. This feels predatory, deceptive, and unethical especially after I followed a path they recommended. 

I am requesting the CFPB compel Citibank to fully investigate these actions, review the timing of my limit reduction in relation to the balance transfer, and explain their justification in writing. 

I am not providing documentation, because it is XXXX responsibility to investigate their own internal records and account history, which will clearly show the timing and amounts involved. I want a written explanation and an appropriate corrective action if found to be predatory or retaliatory."
2025-08-19 00:00:00,Credit card,WELLS FARGO & COMPANY,MT,"I procured a XXXX XXXX general use Credit card through Wells Fargo and activated the card on XX/XX/XXXX. I have excellent credit ( over XXXX ) and have NO debt at all. I chose to use the new card to pre-pay for some hotel rooms I had booked on XX/XX/XXXX through XXXX. ( I have XXXX XXXX of hotels booked and reserved those reservations with a different card and booked them early because of the deep discounts offered by booking so far ahead. My trip is from XX/XX/XXXX to XX/XX/XXXX. ) I used the card with XXXX on XX/XX/XXXX to pay for XXXX of my hotel reservations and the charge was denied. I thought it was a mistake so I tried immediately to use it again. It was denied a second time. I then called Wells Fargo and asked them why the card was denied. They stated they thought the charge was fraudulent so they denied the charge. Then then told me they changed my settings an APPROVED the card to be used at XXXX. I returned to the website and tried to use the card and it was denied for a THIRD time. I recalled Wells Fargo and they said the previous person didn't reset the card correctly so they put me on with another department ( the XXXX dept ) and the new agent stated they approved the card ( for the second time ). I then returned to the website and chose to try to pay for a different ( and cheaper ) hotel than the one I had tried the previous 3 times... just to be sure that the card was working. The card worked for this 'second ' hotel. So I returned to pay for the original hotel, my forth attempt, and the card was denied. Again, I figured that there MUST have been some sort of transmission error ( because the previous payment went through ). The card was denied again - the XXXX time. I called Wells Fargo back again ( my third call ) and they said they had only approved the card for XXXX charge, not multiple charges. So they then told me they reset it to work again for all charges. I returned to the website yet again and tried to use the card, again for a different hotel than the hotel that had continued to be denied ( I have multiple hotels booked with XXXX for this long trip ). The card worked so I felt assured that I could try to pay for that original hotel ( my XXXX attempt ). AGAIN, the card was denied. But this time, I got a message from XXXX stating that the card was denied again because they had CANCELLED my reservation due to "" IRREGULAR CREDIT CARD ACTIVITY ''. 

I then called XXXX and I explained the issue with Wells Fargo and asked if they could reset my previous reservation. They said they couldn't honor my previous booking but I could rebook the hotel as a new reservation. But to rebook the reservation, for the exact same room type, the current charge was approximately {$350.00} more than my original reservation. 

So I called Wells Fargo again and asked them to cover the difference for the new reservation- since I lost the original reservation due to Wells Fargo mistakes. They said they don't do this but I could file a complaint, which I did. They told me to expect a call back within XXXX hours. All of this occurred on XX/XX/XXXX. 

Since XX/XX/XXXX, I have not received calls back and have called them approximately XXXX more times. I didn't keep records on the number of times I called ( but if necessary, I could get that information off of my cell phone ). Each time I called, I was told I needed to call a different department or I was connected with a different department. It was all very confusing. Several times, I was connected with the wrong department and several times, it was clear that the previous agents hadn't written my complaint down correctly, and several times the agent I was referred to stated they read my report and can't help me but when I asked them some questions about that, it was clear they actually HAD NOT adequately read my complaint. Each time I re-explained my complaint, the agents acted supportive, making vague statements about getting this resolved favorably. 

XXXX XX/XX/XXXX, I finally got a call from a Wells Fargo agent that did not initially understand the scope of the Wells Fargo mistakes but when he understood, he stated that this issue clearly needs to be resolved and he felt positive about me getting a favorable resolution. He gave me his name and direct phone number for his office. He stated that he would make a NEW case number and that someone would get back to me within XXXX hours and that if, by chance, I didn't hear from someone, I could call him directly. I waited XXXX hours and tried to call him back directly ( on XX/XX/XXXX ). The number he gave me was a NON-WORKING number ( a number I had repeated back to him to insure I got it written down correctly ). So I called the main number for the complaint department and the agent I spoke to stated this person was away from his desk but she would leave a message for him to call me asap. In the afternoon of XX/XX/XXXX, I had not heard back from him so I called the Complaint Line again. Again the agent stated he was away from his desk but they would leave a message to call me asap as he would be back promptly. I waited a few hours and did not hear back so I called the Complaint Line again. This time, the agent told me that my CASE was closed and the names on the closure documents was this fellow I had spoken with on XX/XX/XXXX and another person. So this new agent said there is nothing she could do for me and there is no further for me to go. I asked to file another complaint. She allowed me to do this but did state that this complaint will be considered 'new ' and it would be XXXX to XXXX XXXX before I hear from anyone. 

My complaint with you is about the unprofessional and dismissive treatment I received from Wells Fargo, that included a lot of incompetency. As a result of these practices, I no longer have a reservation at the hotel I wanted to stay at in XXXX ( I won't rebook it at the higher rate because it's now out of my budget... and the price for the hotel goes up each day as it gets closer to my planned arrival date. For example, today the price for the same room was over {$400.00} ). 

I am just a regular person. I am not a big business or an individual with deep pockets who would be a desired customer for Wells Fargo. What I am asking for is CLEARLY for Wells Fargo to take responsibility for how their incompetency led a small customer like me to be put in a position to pay significantly more for a hotel reservation. I am the victim/recipient of their incompetency. I do not have any copies of anything Wells Fargo wrote down about my phone calls, but I do believe they have records of the amount of times I called and the general information about why I called. Also, when I spoke with XXXX, they have a time stamped record of EVERY time the credit card was denied ( that are synchronized with the times I called Wells Fargo ) but I do not have copies of these records. I could try to get those if it would be helpful. 
I know this document is long but the details are important because they clearly demonstrate how Wells Fargo dismissed, misled and mishandled my situation. I will pay off the balance on my XXXX XXXX and then cancel the card. And I will never engage in any business with Wells Fargo again. What is sad about this is that, their loss of my business will NOT impact them at all. I, as a simple customer, don't matter so there is no incentive for them to resolve these small budget issues with me. I have no power with them and they're not in the business of caring XXXXfor the regular person '."
2023-04-20 00:00:00,Credit card or prepaid card,GOLDMAN SACHS BANK USA,CA,"It all started at the beginning of the year, some time around XX/XX/2023. I placed an order for a really expensive pair of shoes through the XXXX  app which i have used several times. Everything seemed fine until I noticed the delivery system said my package would arrive a couple days early but that was not the case. I never received the package and the delivery system changed the date for two days out. I was a little annoyed but it was fine I could wait an extra day or two but when the day came I got an email telling me my shoes were delivered but I never found a package at my door. I thought you would have to sign for an expensive pair of shoes valued at over {$2500.00} but I guess not. I contacted XXXX immediately and they told me to wait 3 days and contact them again. So I waited those 3 days and still got nothing and contacted them again which they then requested I fill out an affidavit or file a police report to initiate the claim. I told them I had the right to refuse to fill out an affidavit and police report countless times and they still insisted I fill one out to get my money back. They have held my money for months now unless I file one which sounds totally illegal by the way. I then told XXXX  I will file a dispute with my credit card since they want to hold my money for ransom and they proceeded to tell me they have already filed a claim with the carrier and they will work with my bank to figure this out. ( I thought they needed my to fill out a police report or an affidavit to initiate the claim... are they pocketing the insurance money and my money? ). 3 months later I finally get news that my credit card sided with XXXX  and will not refund me my money. I then requested the documents and evidence from them like the email stated I had a right too and they haven't sent me a single document so far. I made them re-dispute the claim but I have no faith for them doing the right thing."
2023-07-10 00:00:00,Credit card or prepaid card,Comerica,FL,"I checked my balance online and it was about {$50.00} less than I expected. When I finally got through to an agent ( more on that aspect later ), I was notified of a {$49.00} fraudulent charge to my account. The reason I immediately knew the charge was fraudulent is I have never used the card to pay a bill online. Before I could write down the entity from where the charge originated, the agent suggested that my card could be compromised and I should order a new one, which I did. She then said she was transferring my call to the dept. whereas I could dispute the charge. After being on hold for about XXXX min, the exact same woman came back on the line ( I recognized her voice ) pretending that she couldn't hear me and hung up the phone. Now this is what led me to believe the card company itself if involved in systematic fraud : once you order a new card, you can no longer access the network using the number from the old card. You can access your account using your SS number but you only get access to a menu that doesn't include any option that allows you to speak to anyone. So once the crooked agent hung the phone, she cut off all means for me to re-connect with her. Furthermore, I suspect these XXXX are systematically stealing benefits from old XXXX by erecting roadblocks to complaining about suspicious deductions. For example : when you call customer service, you're prompted to enter the last XXXX numbers of your card and your pin but once you do that, all you get is your balance. The only way to access the menu is to NOT follow the prompts ... but they never tell you that. Why? Something doesn't smell right and I think XXXX should look into XXXX"
2024-02-16 00:00:00,Credit card,JPMORGAN CHASE & CO.,NC,A chase credit card or loan was applied for in my name and I did not authorize this. Their fraud department did contact me. I just need to report this issue.
2026-03-23 00:00:00,Credit card,AMERICAN EXPRESS COMPANY,TX,"I made an online purchase with my Amex card that turned out to be a scam.

The seller was to provide 3 projector lamps, but I received blocks of plastic that do not project.

I asked seller to provide return shipping and they are unresponsive. 

Amex refuses to handle dispute, so I will end my 10 year relationship over their support of the scammer."
2023-01-20 00:00:00,Credit card or prepaid card,DISCOVER BANK,FL,On XX/XX/2022 I was looking over my credit report and see that there have been incorrect and refuse to assist me by removing this creditor off my credit report. I contacted them through phone and mail informing them that I have been a victim of identity theft. I advised them to remove it asap and received a letter yesterday with this information.
2024-02-06 00:00:00,Credit card,BARCLAYS BANK DELAWARE,GA,"XXXX XXXX XXXX XXXX XXXX XXXX XXXXXXXX XXXX XXXXXXXX XXXX, GA XXXX SSN : XXXX DOB : XX/XX/XXXX XX/XX/XXXXXXXX Barclays Bank Delaware Card Services XXXX XXXX XXXX XXXX, XXXX XXXX DE XXXX Subject : Demand for Arbitration Dear Barclays Bank , I am writing to formally demand arbitration regarding the dispute related to CONTRACT, billing errors under the terms of our contract ( balance owed and reported ) INACCURATE Date of Last Activity : XXXX XXXX. 

In accordance with the arbitration clause detailed in our agreement, I propose initiating the arbitration process to amicably resolve this issue. 

Please acknowledge this letter and inform me about the next steps in accordance with our agreement and applicable laws. Failure to respond within 14 DAYS will compel me to seek further legal action. 

I look forward to a prompt resolution. 

Sincerely, XXXX XXXX XXXX XXXX"
2024-05-08 00:00:00,Credit card,TRUIST FINANCIAL CORPORATION,GA,"I purchased a desk on XXXX in the amount of XXXX on XX/XX/year> and this desk was shipped by XXXX. The delivery driver mistakenly delivered it to the wrong address on XX/XX/year> and there was no building number or door letter visible in the delivery photo for me to decipher where the desk went. I attempted to dispute this with XXXX ( merchant ) and they refused to honor the XXXX money back guarantee for the circumstance when I contacted them. I reached out to XXXX to see if they can contact the delivery driver to determine where the package was delivered so that they could reimburse me and the XXXX investigation determined that all research efforts have been exhausted. This shipment has not been located. I reached out to truist bank for this to be resolved and initially requested that this dispute form be emailed as I travel for work. They did not send this form to me. Instead they mailed it and it was received later than expected. I called over XXXX times in the span of XXXX weeks to have this document emailed, the initial step in the process. I have since filled out this paperwork and have asked for several updates on it and no one has anything to offer. The charge is still on the card and there is no contact from truist or the XXXX. I am at my wits end with truist and need my money back."
2024-10-21 00:00:00,Credit card,BARCLAYS BANK DELAWARE,FL,"In XXXX, XXXX. I contacted XXXX credit card due to having medical issues.to I was told my only option was to use their hardship program. Unknown to me I was under the assumption that the payments would be reduced. However, when I tried accessing my account online the company 's website does not allow me to do so. Asks me to reset password, then when doing so still denies me access. At this point I am unable to see any information on my balance, payment activity. 
My understanding this reduction in payment was to be temporary status. However in calling them on XX/XX/XXXX. I was told by the company 's rep XXXX that I no longer have access to my online credit card information as the "" Account is closed ''. I never authorized the closing of this account when we discussed the hardship program. 
I was transferred to the XXXX XXXX XXXX XXXX me I have no access to my information. That the only notice will be sent by email with balance and due date. If I want to make changes on my account I need to call up to the company for them by phone to make changes. So literally this company due to make hardship status is trying to strip me of having any dignity. Because the close the account, close your online access with an outstanding balance, and limit you with rights to make changes. 
This company is unfair to consumers in need of assistance. I spoke to a Manager XXXX in collection and he agreed my account has limited control. Which is NO control. This hardship program is terrible. This company needs to modify it. I had no payment problems until XXXX to XXXX months ago. And asked for relief for XXXX months not a year. And never would have just Closed my account. 
I have attached screen shots of me attempt to access my online account with XXXX XXXX. If they are doing this to me- I can only imagine the other customers experiencing the same issue. This is unfair and takes person 's rights and dignity away."
2023-06-24 00:00:00,Credit card or prepaid card,JPMORGAN CHASE & CO.,FL,"I would like to warn the general public and report Chase bank about mishandling of disputes resolution. A purchase was made on a Chase card on XX/XX/2023. The merchant was unable to fulfill the order and did not ship the order. Merchant distributed a statement to affected customers stating the orders were not fulfilled and that the payment processor was not letting them issue a refund. To please charge back with the bank due to this. Thinking it was a simple process, I contacted Chase and initiated the dispute for goods not received on XX/XX/2023. The payment processor ( not the merchant ) sent an automatic reply to Chase on XX/XX/2023 with order information. No record or order being fulfilled, shipped or delivered. I contacted Chase on XX/XX/2023 and explained once again that nothing was fulfilled, shipped or delivered, and that the actual merchant had acknowledged this and communicated it to all affected customers. I submitted the documentation I had ( receipt and the pdf document from the merchant ) and was told that it was more than enough since it was clear I was right. After numerous calls for updates throughout XXXX, XXXX and XXXX, and without receiving any request for information or clarification from Chase, I found out Chase is denying my claim. I would like to warn the government and every possible customer of Chase that what they state in their website about purchase protection and having your back is just a marketing plot. If you ever need them to have your back youll see yourself footing the bill and scammed."
2025-04-01 00:00:00,Credit card,CAPITAL ONE FINANCIAL CORPORATION,WA,"Subject : Dispute of Late Fee Due to Verified Autopay Setup Error To Whom It May Concern, I am writing to formally dispute a late fee that was applied to my Capital One credit card account, despite having set up automatic payments prior to the due date. 

Before the payment was due, I enrolled in autopay and added my bank account information. The account was verified and confirmed as valid by Capital Ones system. However, the payment was canceled due to a supposed invalid account number, which is confusing and concerning, given that the account had already been verified. 

As a result of this cancellation, I was charged a late fee. I believe this fee is unjustified, as I took all reasonable and required steps to ensure timely payment. If there was any error in processing, it occurred on Capital Ones end and not mine. 

I respectfully request that the late fee be removed from my account and that my credit report not be negatively impacted by this situation. I would appreciate written confirmation once this matter has been resolved. 

Thank you. 

Sincerely, XXXX XXXX XXXX XXXX Digits of XXXX XXXX : XXXX XXXX XXXX XXXX"
2024-05-23 00:00:00,Credit card,"EQUIFAX, INC.",FL,"I have consistently made timely payments on this account, ensuring they never became overdue. I'm puzzled as to why there are reports of late payments on my accounts. According to 15 USC 1666b, this billing error should be corrected."
2025-01-29 00:00:00,Credit card,"Bread Financial Holdings, Inc.",NY,"I paid a balance of {$40.00} on my XXXX XXXX XXXX XXXX account on XX/XX/year> using their telephone bill payment line ( due date XX/XX/year> confirmation XXXX. I was never notified until XX/XX/year> that the payment was returned. My banking institution had no record of that payment ever hitting their system. This started a chain of events with me filing a complaint with the XXXX The complaint was resolved in my favor. I received a refund for the applied late charges and fees and my credit rating was reestablished. The account was closed in XX/XX/year>. 
See all attached XXXX  file and documents At some point I started to receive on line statements from XXXX XXXX and honestly didnt pay much attention because the account was closed in XXXX. I was able to retrieve XXXX from XXXX and one from XXXX that show {$0.00} balances Then billing started showing up with $ amounts. I couldnt see where they were generated from because I didnt have an account. When I called back on one of the many harassing calls I was yelled at by a representative that it didnt matter if I had an account. I still owed the money. I ended the call The last statement has increased exponentially I have a medical condition that is being exacerbated by this harassment My credit rating has again dropped because of this See all attached BBB file ached documents"
2026-01-20 00:00:00,Credit card,JPMORGAN CHASE & CO.,MI,"I make {$130000.00} per year. My husband makes {$80000.00} per year. I have a longer credit history than my husband. My credit score is higher. I utilize my credit card more often and spend more. We have the same credit card and we received this credit card around the same time. I recently received notice that my credit limit was going to be decreased, which would have been fine should my husband have received the same notice. My credit limit was decreased to around {$5000.00}. My husbands credit limit has remained the same at {$14000.00} despite all of the above. Previously, years ago, my credit limit increase request was denied with this company while my husbands was approved. I complained in their portal and my limit was increased. This is discrimination based on gender. I am a female and my husband is a male."
2025-08-22 00:00:00,Credit card,JPMORGAN CHASE & CO.,NJ,"I applied for a Chase credit card in XX/XX/XXXX. At the time, the main reason I applied was because Chase advertised a new cardmember offer that if I spent {$500.00} within the first XXXX months, I would receive {$300.00} cash back. I met the requirement, but I never received the bonus. In the winter of XXXX ( before XXXX ), I called Chase about this, and the representative I spoke to said she had no idea what I was talking about. She acted as if the promotion had never existed, even though I told her I had an email that I received about the offer. Later, around XXXX or XX/XX/XXXX, I increased my credit limit to {$700.00}. At no point did anyone explain that my account was not on a standard credit line but instead on what Chase calls an access line. I was under the impression I had a {$700.00} credit line, which I set myself. Today XX/XX/XXXX, I checked my Chase account and saw my balance was {$880.00}, even though my limit is {$700.00}. I called Chase, and the representative told me I had an access line, not a credit line. I asked how I was supposed to know the difference, and instead of answering, he became rude and dismissive, saying I could just keep spending over my limit because of this access line. 
This was never explained to me at application or when I increased my limit. Everywhere in my account it shows credit line, not access line. I only ever agreed to a {$700.00} credit line. I should not be able to go over {$700.00}, especially when I only applied and was pre approved for that amount. Chases lack of disclosure and dismissive handling of my calls has left me with charges above my agreed-upon limit and without the promotional bonus I was promised."
2026-04-22 00:00:00,Credit card,"CITIBANK, N.A.",CA,"I am filing a complaint about Citibanks handling of a credit card dispute involving an XXXX transaction for {$11000.00} dated XX/XX/XXXX. 
The transaction was for XXXX XXXX XXXX, item : XXXX XXXX XXXX L IS XXXX XXXX. 
I returned the item through XXXX return process and later had records indicating that XXXX showed the return as completed and that a refund had been issued or would be processed. However, I never actually received the refund. 
Citibank initially issued a conditional credit, but then denied the dispute and reversed that credit. In its XX/XX/XXXX letter, Citibank stated that the merchant claimed the merchandise was not returned, that there was no Return Merchandise Authorization ( XXXX ) showing the merchant agreed to accept the return, and that the delivery information I provided did not indicate whether the correct merchant address was used. 
My complaint is that Citibank closed the dispute without fairly resolving the contradictory evidence. On XXXX hand, I had records indicating that XXXX represented the return/refund was being processed. On the other hand, Citibank accepted the merchants position that no valid return was made. I believe Citibank failed to conduct a reasonable investigation into the return authorization, the return destination, and the refund status. 
I am requesting that Citibank reopen the dispute and review all supporting evidence, including : XXXX screenshots and written communications showing the return/refund status, any proof of return authorization or return instructions, shipping and delivery records, XXXX denial letter dated XX/XX/XXXX, proof that the refund was never actually posted to my account. 
I want Citibank to provide a substantive reinvestigation and either restore the credit or explain in detail exactly what documentation is still required to validate the return and refund claim."
2025-06-20 00:00:00,Credit card,Synovus Bank,CA,I opened a secure account with this company for the amount of {$1000.00}. The highest balance on the account was {$250.00}. I never received the remaining amount after the account was closed. I am entitled to receive my security deposit if it wasnt used. The company said they mailed a check but I never received anything from them and its nothing on record saying I cashed a check.
2024-10-08 00:00:00,Credit card,TRUIST FINANCIAL CORPORATION,NC,"I called SUNTRUST last XX/XX/XXXX, and they said that they called the phone number on file, which was also part of thier investigation, and they suspect that it's fraudulent since no one answered. Moreover, the investigation is still ongoing, and I provided them with my phone number in case they call back. 

I called the bureaus the same day, and they said that they couldn't provide any details on the account unless we had the account number. They advised me to call the creditor to get more information regarding this. I called SunTrust but was directed to Truist Bank. I wasn't authenticated because they would like to know the year, make, and model of the car or the credit limit from the trust bank. But they said that Suntrust does not exist anymore because it is now part of Truist Bank. 

I called Truist/Suntrust Bank again last XX/XX/XXXX and provided the account number showing on the pulled report last XX/XX/XXXX I gave the number to Truist Bank , and they confirmed that this is now part of Truist Bank . This was closed in XX/XX/XXXX. 

They reviewed the account, and thier is a notation that it was reported way back in XXXX that it was fraudulent, which is why the account has been purged or closed. They will file an ID Theft form on thier end. They will also dispute it to the bureaus directly to remove the account, and Truist Bank will be the one to communicate with the bureaus to remove it. An investigator will contact me if additional info is needed. If not, they will send a letter of confirmation for the ID theft result. 

However, I didn't receive a letter, so I called to get an update ; they advised me that the case had been closed and that they couldn't delete it from the credit report even though it was fraudulent."
2024-05-20 00:00:00,Credit card,CAPITAL ONE FINANCIAL CORPORATION,NY,"The Matter has been put forward to Capitol One which is NOT addressing the CURRENT 80 % Interest rate on a {$3000.00} loan which will take XXXX  years to pay for which Capitol One has Targeted an elderly XXXX Senior Citizen of XXXX American Decent who is being targeted with extreme interest rate and petitory lending. 

Capitol One has yet to address the fact the when the requested payment is made the card holder is ONLY being compensated 20 % in principle and XXXX  % interest. 

The Customer request Capitol One Quick silver XXXX apply the claimed interest rate of 25 % - 30 % NOT THE CURRENT 80 %. 

There are NO CONCERNS with the card holders other accounts which ARE in compliance with acceptable interest rates."
2023-12-06 00:00:00,Credit card,CAPITAL ONE FINANCIAL CORPORATION,TX,"I am a victim of identity theft. Upon review of my credit report I found several credit cards opened at capital one that were not opened by me. I do not have the account numbers as I did not open the accounts by my date of birth is XXXX and the balances on the cards I am disputing is : {$1900.00}, {$530.00} and {$630.00}. I have attached a copy of the FTC affadavit of identity theft to this complaint."
2025-06-20 00:00:00,Credit card,JPMORGAN CHASE & CO.,MI,"XXXX XXXX, as the lawful agent and beneficial interest holder over this account, is reporting a serious unresolved dispute regarding a {$13000.00} transaction charged to a business credit card originally issued under XXXX. XXXX XXXX, later reclassified without consent as a personal card under XXXX XXXX. 

This charge was related to an investment fraud known as XXXX, which is the subject of an active SEC Cease & Desist Order and an FBI criminal investigation. Chase was formally notified of this fraud via certified affidavits, dispute letters, and multiple good faith requests for verification. Despite this, Chase denied the dispute by claiming the charge was too oldwithout addressing the legal merits, timelines, or federal fraud documentation submitted.

The Trust also formally demanded accounting, a full chargeback justification, 1099 disclosures, and fraud case recordsnone of which were provided. Instead, Chase manipulated the account classification and failed to apply any reversal or interest refund on this card, unlike a parallel card dispute ( ending in XXXX ) for the same merchant. This demonstrates selective handling and a misrepresentation of liability. 

Chase has continued to send bills, apply finance charges, and report to credit bureaus under the personal name XXXX XXXX, despite the original business classification. The Trust now requests CFPB oversight to enforce a full reversal, lawful resolution, and permanent cessation of negative reporting."
2026-03-15 18:50:30,Credit card,FIRST NATIONAL BANK OF OMAHA,IN,My name XXXX XXXX XXXX -- i don't know about credit card is XXXX XXXX bank of XX/XX/XXXX its not belong to I never ever apply credit of this bank so please dispute this card from my account -- someone fraud-or some miss match information of with me -- so please solve my problem thank you
2025-10-02 00:00:00,Credit card,U.S. BANCORP,TX,"I used to have a XXXX credit card with an annual of {$99.00}. An annual fee of {$99.00} was posted on my statement on XX/XX/XXXX in XXXX. Because it was a financial burden to me, I decided to change from this card with an annual fee to a different credit card with no annual fee. I completed this process on the phone with the assistance of the XXXX Bank staff. I received a new card with no annual fee a couple of days later. Then, I have waited for the removal of the fee from my statement. In the meantime, I have called US Bank several times to check the status and ask the processing of the annual fee removal because I have seen the fee was still on the statement. Every time I called them, they said that my request was received, and I would need to wait, while they also noted that I would need to pay {$99.00} first and then get it refunded once the process has been completed. It has already been over XXXX  months since I changed my credit card. There is no refund yet and I am tired of calling them anymore."
2025-11-04 00:00:00,Credit card,SLM CORPORATION,TN,On XX/XX/year> a balance transfer went to the wrong bank ( Sallie Mae ) which i do not have an account with. From XXXX XXXX. The money was supposed to go to XXXXXXXX XXXX.
2025-09-29 00:00:00,Credit card,CAPITAL ONE FINANCIAL CORPORATION,FL,"A couple of months ago, I tried to make a purchase with my card. The company called me to verify the transaction, and I confirmed it was me. However, they still declined the transaction and blocked my card. 

They told me I needed to provide proof of my identity and asked for a copy of my drivers license and either a bank statement or a utility bill. I sent them my drivers license and a XXXX  XXXX XXXX statement, but they denied the bank statement. Then I provided my insurance bill and an XXXX bill. They rejected those as well because my last name is long and the utility company does not display it in full. They said they only go by what appears in the credit bureau records, so even though the bill had my account number and address, they still denied it. 

They insisted on a gas bill, but I do not have gas service and explained that to them. Then they asked for a water bill. I sent them a copy, but the water company blocks access to protect account holders. If they had called, the water company would have confirmed the account belongs to me. The water bill is under my husband and me, as shown on the property deed, but they still refused to accept iteven though it has my full name, my address, and is an official utility bill. 

At this point, I no longer even want the credit card. My account has a {$30000.00} limit with a XXXX balance. What I do want, however, is the annual credit I am entitled to and the reward points I legally earned after meeting their spending requirements. 

When I asked about this, they told me they can not give it to meeven though it is my right. It has now been months, and each time they contact me, they request more and more documents. I have already provided every legal document they have asked for, and there is nothing else I can give them."
2026-05-13 17:05:18,Credit card,AMERICAN EXPRESS COMPANY,NJ,"Without meaningful advance notice, American Express imposed what appears to be a temporary spending limitation or financial review/risk re-evaluation following a recent auto purchase that resulted in essential purchases, including gasoline, being declined at the point of sale. Additional legitimate transactions were delayed or disrupted pending approval. This occurred despite my account otherwise remaining in good standing and I having been a cardmember since 1986.

Furthermore, attempts to resolve the issue through customer service were unsuccessful. Representatives were unable or unwilling to provide a clear explanation of the restriction, a timeframe for resolution, or any meaningful accommodation despite the impact on essential purchases and pending transactions."
2026-05-04 13:43:02,Credit card,SYNCHRONY FINANCIAL,CA,"On XX/XX/year> Synchrony Bank closed my account without notifying me about the closure or given me any warning. My last payment of {$200.00} went through and they are saying my account was closed because of too many payments not going through. I admit some payments didnt go through because of other payments being made the same day, but I made the payment after it didnt go through, so I gave records of me making payments even if the first time didnt go through."
2026-04-15 00:00:00,Credit card,Atlanticus Services Corporation,OH,"On XX/XX/XXXX I filed CFPB complaint # XXXX against XXXX ( issued by XXXX XXXX XXXX XXXX ) for violating the 25 % fee-harvester cap under 12 CFR 1026.52 ( a ) ( Regulation Z ). My initial credit limit was {$350.00}, so the maximum non-penalty fees allowed in the first year were {$87.00}. 

XXXX charged an {$85.00} Annual Fee ( posted XX/XX/XXXX ) plus multiple XXXX XXXX  Monthly Paper Statement Fees. My attached billing statements ( XX/XX/XXXX through XX/XX/XXXX ) explicitly show these fees being assessed, bringing the total to at least {$89.00} {$1.00} over the federal cap. 

On XX/XX/XXXX XXXX responded to the CFPB and falsely stated : our records do not reflect that any such [ paper statement ] fees were assessed. This statement is demonstrably false, as the attached statements clearly list the {$2.00} paper statement fees. 

This is a clear violation of federal law. In addition, XXXX engaged in fee-harvesting : they charged high upfront fees, then provided only a minimal {$350.00} credit line ( leaving approximately {$260.00} available after the annual fee ), effectively denying me meaningful credit while keeping the fees.

I previously requested a full waiver and refund of the {$85.00} annual fee and all paper statement fees. XXXX declined, citing only their Cardholder Agreement ( which can not override federal law ).

I am requesting that the CFPB investigate this violation and XXXX  false response to the prior complaint. To resolve this matter and hold XXXX accountable, I demand : A {$50.00} credit applied directly to my account ( reasonable given the regulatory violation and the inconvenience caused ).

Full waiver/refund of the {$85.00} annual fee and all paper statement fees charged in the first year.

Permanent deletion of all hard inquiries associated with this account.

Written confirmation that the account has been brought into full compliance with 12 CFR 1026.52 ( a ).

I will continue to pursue this matter through all available channels until XXXX is held accountable and the account is resolved in my favor. I am not going away until this is corrected."
2024-10-16 00:00:00,Credit card,JPMORGAN CHASE & CO.,VA,I have excellent credit and a very lengthy credit history. I have had a relationship with Chase for well over a decade and I have three credit cards with them all have always been in good standing. Earlier this year ( around XXXX ) I legally changed both my first and last name. I quickly updated this with Chase and showed them my court order and new ID. Yesterday I opened a chase total checking account. Today they closed the new account and closed all of my credit card accounts. They are saying the only way i MIGHT be able to deal with it ( might as in that might not even work ) is to go into a physical branch. I am in XXXX Va and the closest branch is in XXXX VA ( XXXX XXXX  away ). I don't know if my name change is why they closed the accounts. They will not tell me why or even if driving for XXXX hours is going to fix it or not.
2024-11-03 00:00:00,Credit card,"CITIBANK, N.A.",VA,"I filled a dispute with with Citi Bank on XX/XX/year>. Citi bank reports the dispute has been "" Resolved '', however, I have tried on three separate occasions to get a copy of the merchant 's response to my dispute and a copy of the dispute I submitted to Citi Bank. Each time I call Citi Banks says they will e-mail me the requested information and they confirm the e-mail address, however, the never send the requested information. Each time I call the Citi Bank agents acknowledge the information from my previous request has not been sent, they go through the same process as the previous agent and say the information will be received in 24 to 48 hours. The Case ID ( assigned by Citi Bank ) for which I'm requesting the information described above is XXXX. In addition to Citi Bank refusing to send the information requested above, it is also not available via my on-line account nor has any information regarding this dispute been received via the mail. The automated voice information regarding this dispute at Citi Bank is incorrect. The information regarding this dispute at Citi Bank via my on-line account has links which when clicked on go to nowhere. As a consumer it sure appears Citi Bank is going out of their way to make things difficult for me in this matter."
2023-06-19 00:00:00,Credit card or prepaid card,Experian Information Solutions Inc.,IL,See the attached documents. I want the bureau to start the investigation on these accounts that I am never late for but they're reporting me as late.
2025-02-27 00:00:00,Credit card,SYNCHRONY FINANCIAL,UT,"I was getting a quote on insulating my house. Did not sign anything. 
received email below : From : Synchrony for your XXXX  XXXX  XXXX Sent : Thursday, XX/XX/year> XXXX XXXX  To : Subject : Welcome! You're approved for a XXXX XXXX account. 

Here are the things you need to know. 

hello You're approved for a credit card from XXXX XXXX! 
We're excited to have you as a customer, and look forward to helping make your future purchases possible. 

Your credit limit is {$10000.00} Your card will arrive in the mail within 710 business days Be sure to activate your card once it arrives Once your card arrives, register your account on MySynchrony.com to set your preferences, enroll in electronic statements, and make payments. 

And remember to download the mobile app for anytime, anywhere account access. 

Head off identity theft before it happens. For more information about identity theft, please visit the Federal Trade Commission 's ( FTC ) consumer website. 

This is an unmonitored email box. Please do not reply to this email. 
ABOUT THIS EMAIL MESSAGE : This email was sent by Synchrony to provide important account servicing information regarding your XXXX XXXX  account.You may receive account servicing emails even if you have requested not to receive marketing offers by email for your XXXX XXXX account. 
Credit is extended by Synchrony Bank which is located at XXXX XXXX XXXX, XXXX XXXX, XXXX, UT, XXXX, USA.www.synchrony.com"
2025-04-04 00:00:00,Credit card,"Credit Control, LLC",CA,"I believe the account is invalid. CREDIT CONTROL , LLC needs to verify under oath that this claim is valid, free from any claims and defenses including but not limited to any breach of agreement, failure of consideration, or material alterations, and that the original lender provided value. Further, the alleged account was transferred in good faith and with the consent of all parties involved. If they are unable to provide under oath the previously listed item then I require the account to be removed from my credit & their records.CREDIT CONTROL, LLC XXXX"
2025-11-12 00:00:00,Credit card,"BANK OF AMERICA, NATIONAL ASSOCIATION",NJ,"On XX/XX/year>, a charge for {$1800.00} from XXXX XXXX XXXX XXXX XXXX ( XXXX XXXX ) was posted to my Bank of America Mastercard. I made this payment in person for a flight upgrade, but due to a technical issue, the merchant voided the transaction immediately and provided a receipt showing that the charge was canceled. 

Despite this, the charge was still posted to my account. I contacted Bank of America and opened a dispute on XX/XX/year> ( Claim ID : XXXX ). Since then, the bank has not provided updates, resolved the issue, or issued a temporary credit. 

I submitted proof of the voided transaction, yet the charge remains. Bank of America has failed to investigate or act promptly as required under Regulation Z ( Truth in Lending Act ) for billing disputes. 

I am seeking CFPB assistance because Bank of America has not followed proper dispute-handling procedures."
2025-05-01 00:00:00,Credit card,JPMORGAN CHASE & CO.,CA,"In XX/XX/2025, I accepted a Chase promotional 0 % APR balance transfer offer, fully aware of the 5 % transfer fee. To ensure no interest would be charged, I set up automatic payments through the Chase mobile app and selected the Interest saving balance option, assuming it would prioritize avoiding interest especially on promotional balances.

However, I was later charged interest. When I contacted Chase, I was told that automatic payments under the interest saving balance option do not apply to balance transfers, even promotional ones. This was never clearly disclosed. 

Worse, the in-app definition for interest saving balance states : This is the payment amount that allows you to avoid interest on new purchases and not pay off your plans, loans or eligible promotional balances earlier than intended. 

That phrasing is not only confusing, its fundamentally misleading. It implies that Chase actively prevents automatic payments from applying to promotional balances despite those balances being subject to interest after the transfer fee. The interface design and definitions gave me every reason to believe I was paying in a way that avoided interest. 
I attempted to escalate the issue and was told the only way to reach the executive office was via physical mail, with no guarantee of response. Chase refused to refund interest or provide a transparent explanation."
2025-04-15 00:00:00,Credit card,DISCOVER BANK,NY,"Also reported to the Attorney General 's XXXX I am writing to formally report what I believe are deceptive, coercive, and potentially fraudulent practices by Discover Bank regarding my credit card account. Below is a detailed account of my experience and concerns, which I request be thoroughly investigated. 

Additional Context : For XXXX month, I was ill and missed a payment. During this period, Discover deliberately blocked access to their app and made it extremely difficult to reach the correct department by phone to make a payment. I was transferred repeatedly, and many calls led to irrelevant departments, making it nearly impossible to make a payment. 

When I finally managed to make a payment, Discover refused to issue a new card unless I paid the balance dueyet I needed the new card number to make a payment. This circular situation resulted in hours of wasted time and unnecessary stress. Once the payment was processed when I made a payment XX/XX/XXXX and received confirmation on XX/XX/XXXX, Discover immediately blocked my account under a supposed fraud claim. 

I requested that the account not be closed while the fraud investigation was underway. I also asked for clarification as to how I could have reported fraud or initiated any suspicious transaction when I had not received the new card number and could not use the account in any way as they claim morning of XX/XX/XXXX. 

It is my belief that Discover is manufacturing internal fraud scenarios or intentionally delaying fraud investigation to pressure customers into disclosing sensitive tax information and financial details or face consequence of negative reporting on the XXXX credit agencies. This is customer manipulation and blackmail. 

This includes requesting tax returns that list my spousewho is not affiliated with my accountwhich is a serious data privacy violation on his part. Discover also failed to provide a copy of the XXXX terms and conditions they claim justifies this request by just stating its in term and condition. I did not receive any new terms and condition nor did I sign for it. 

Furthermore, I request the CFPB and XXXX XXXX that investigators pull all call recordings between XX/XX/XXXX and XX/XX/XXXX, to verify my account of these events and the inconsistencies in Discovers handling of this situation. 

XXXX of Events : Prior to XX/XX/XXXX - no call record or voicemail or Physical mail. 

XX/XX/XXXX : Discover Bank blocked my credit card account, citing a fraud investigation. They told me I would only receive a new card after making a payment on a one-month overdue balance. 

Discover demanded my tax return documents, even though my husband is listed on them and he has no connection to this account. 

I declined to submit these documents, and as a result, Discover falsely claimed I reported fraud, locking the account. I made no such report. 

This fraudulent claim was used to block me from closing the account, allowing Discover to eventually close it on their own and report false, derogatory information to credit agencies. 

XXXX XXXX XXXX  : A Discover representative claimed they retrieved tax information from Equifax. However, Equifax confirmed they have no involvement in such a process, calling Discovers statement into question on XX/XX/XXXX on a XXXX way call. 

I was initially told I had until XX/XX/XXXX to submit documents. This deadline was later moved without notice to XX/XX/XXXX, adding more confusion and pressure when they realized I was not going to disclose my tax and asset information. 

Despite my request, I was told I could not close the account during the ongoing investigation. They changed the date from XX/XX/XXXX to XX/XX/XXXX with no warning or reason and would not hold off closing my account entirely until the investigation was over. While under investigation the account is locked and I can not proceed with any transaction regardless. 

This made no sense, as no transactions ( fraudulent or legitimate ) could occur if the account were closed- they can still proceed with the investigation. 

As punishment Discover did not let me close my account so they can close it and report negative reporting to the XXXX reporting agencies as retaliation. 

My Concerns : Discover is fabricating fraud claims I allegedly made on XX/XX/XXXX to block account closure by customer. 

They are coercing customers into sharing sensitive tax data, including information about unrelated third parties ( i.e., XXXX XXXX ). 

They are misleading customers about Equifax 's involvement. 

XXXX has been inconsistent and misleading, with moving deadlines and blocked access to payment systems. 

These actions appear designed to manipulate account status for financial gain through interest, fees, or penalties. 

Also I was not permitted to record phone conversation which means even calls can be deleted or manipulated by Discover Card."
2024-07-01 00:00:00,Credit card,AMERICAN EXPRESS COMPANY,TX,"Sent to Amex on XX/XX/XXXX : Card : XXXX XXXX 
XXXX XXXXXXXX {$50.00} credit was incorrectly clawed back by you. 

XX/XX/XXXX {$50.00} - AMEX XXXX XXXX XXXX XXXX XXXX - {$830.00} XX/XX/XXXX - {$50.00} Credit - AMEX XXXX XXXX XX/XX/XXXX {$830.00} XX/XX/XXXX- {$830.00} XX/XX/XXXX {$830.00} XX/XX/XXXX {$830.00} You can see 3x {$830.00} XXXX charges, and then XXXX - {$830.00} XXXX refunds. So my net spend with XXXX was {$830.00}. Therefore I am owed a XXXX credit, while you took it away. Please resolve the issue and credit my credit back to me. 
-- - Their response : I was able to see that and please refer to the posted date instead. 
Rest assured that the case will be investigated as you're claiming for the credit. 
By any chance is there anything else I can assist you with? 
-- - Sent to Amex on XX/XX/XXXX : REPORTED ON XX/XX/XXXX. 
Please provide status update on this : Card : XXXX XXXX 
My XXXX {$50.00} credit was incorrectly clawed back by you. 

XX/XX/XXXX {$50.00} - AMEX XXXXXXXX XXXX XXXX  XXXX XXXX - {$830.00} XX/XX/XXXX - {$50.00} Credit - AMEX XXXX XXXX XX/XX/XXXX {$830.00} XX/XX/XXXX- {$830.00} XX/XX/XXXX {$830.00} XX/XX/XXXX {$830.00} You can see 3x {$830.00} XXXX charges, and then XXXX - {$830.00} XXXX refunds. So my net spend with XXXX was {$830.00}. Therefore I am owed a XXXX credit, while you took it away. Please resolve the issue and credit my credit back to me. 
-- - Their response : have checked and can see that you have made two charges on XXXX which has been returned/canceled for which you have get refund on XXXX and XXXX that is the reason XXXX  credit of {$50.00} has been reversed -- - My response : Doesn't matter. Three charges. Two refunded. One still remaining. And for that one you owe me the credit. 
I'm reporting it the second time. Since you are as deaf as the previous person, I'll be filing a CFPB complaint now and having it resolved that way. Unacceptable. 
-- - EXPLANATION for CFPB : Amex XXXX card offers a {$50.00} semi-annual credit on XXXX XXXX XXXX purchases. Here 's a list of transactions in XXXX 2024 : XX/XX/XXXX {$50.00} - AMEX XXXX XXXX XXXX XXXX XXXX - {$830.00} XX/XX/XXXX - {$50.00} Credit - AMEX CREDIT XXXX XX/XX/XXXX {$830.00} XX/XX/XXXX- {$830.00} XX/XX/XXXX {$830.00} XX/XX/XXXX {$830.00} It's clear as day - I spent {$830.00} with XXXX three times, and got refunded {$830.00} twice. The net spend is {$830.00}. So I am owed a {$50.00} credit from Amex."
2024-08-14 00:00:00,Credit card,"CLGF Holdco 1, LLC",VA,"CB INDIGOXXXX   Account XXXX Credit Card XXXX XXXX XXXX 3 times XX/XX/XXXXXXXX Cb indigo/XXXX XXXXXX/XX/XXXX Cb indigo/gf XXXXXX/XX/XXXX Shows XXXX XXXX 30 days late Went direct to them, they said they had no way to go back and remove in their software. Not acceptable, I have never had a late payment on over 50 accounts.

They could submit to credit bureaus because it is the only negative I have."
2026-03-03 00:00:00,Credit card,"CITIBANK, N.A.",FL,"On XX/XX/XXXX, a transaction for {$100.00} from XXXX XXXX posted to my Citi credit card. The transaction appeared on my XXXX statement for the period ending XX/XX/XXXX. After attempts to work with the vendor failed, I disputed the charge with Citi on XX/XX/XXXX through their website, because the product I received was not the grade represented at the time of sale. On XX/XX/XXXX, as instructed by Citi when the dispute was opened, I sent supporting documentation by fax and mailed a package with fullcolor copies, expected to be postmarked XX/XX/XXXX. 

On XX/XX/XXXX, I received an email from Citi stating they had closed the dispute. The letter posted in the Disputes Center cited an incorrect reason, did not reference my actual complaint of misrepresented merchandise, and provided no indication that the documentation I submitted had been reviewed. 

On XX/XX/XXXX, I faxed a letter of appeal to the dispute department requesting a supervisorlevel review under Regulation Z. Citi acknowledged receipt by email on XX/XX/XXXX, only by thanking me for providing additional information, without referencing my request for a supervisorlevel appeal. 

On XX/XX/XXXX, I received XXXX emails from Citi stating that the dispute had been closed and resolved. The letter posted in the Disputes Center stated, Due to the length of time since this transaction was billed to you, we aren't able to investigate this dispute. This was despite the fact that Citi had already initiated an investigation, that written notices were submitted within the 60day timeframe under 12 CFR 1026.13 ( b ), and that my dispute concerns misrepresentation, which qualifies under 12 CFR 1026.12 ( c ). The letter did not reference my appeal, the reason for the dispute, or my documentation. It advised me to contact the merchant, even though my documentation showed that I had already exhausted all attempts to resolve the matter directly with the vendor. This indicates that the evidence I submitted was not reviewed. 

Both denial letters instructed me to call the number on the back of your card if I needed further assistance. On XX/XX/XXXX, I called that number, told the IVR I wanted a representative, and waited on hold for approximately XXXX minutes with fluctuating estimated wait times. When a representative answered, I requested escalation above the dispute department and asked to reach the Executive Correspondence team or Executive Response Unit. The representative did not understand these terms, even after I explained that this was an escalation beyond the dispute department. 

The representative attempted to transfer me, but the transfer routed me to the automated dispute department IVR instead of an escalation team. No fax number, email address, mailing address, or other method to submit an appeal was provided. Because the representative could not identify the correct department or provide any escalation channel, I was unable to submit a written request for escalation. 

Citi has twice closed my dispute without conducting a proper review, and I have no way to submit a further escalation because Citi has not provided any contact information or escalation channel. I am requesting assistance because Citi has not provided a reasonable method for me to exercise my rights under Regulation Z. 

The dispute case ID is included in the attached appeal letter and should be sufficient for Citi to locate my account."
2023-10-14 00:00:00,Credit card,DISCOVER BANK,AR,"I first reached out to XXXX about unsatisfactory item. The shoes I purchased were stained and smelled funny. They were not in greatcondition like advertised in listing on website. I asked to return and refund and was told no. 

I reached out to XXXX. I sent proof ( pictures ) of the stained shoes and markings all over them and showed XXXX policy of items must look like what they are listed as, XXXX agreed they did not and were not in great condition. XXXX said if I returned the shoes they would issue refund. I returned merchandise to poshmark and provided tracking info. XXXX said XXXX agreed to the refund. XXXX said they saw the item was return per the tracking info and the refund was issued. 

I was waiting for refund and it was taking awhile so I asked Discover my credit card that is connected to my XXXX account and, the agent took over and initiated the dispute. A temporary credit was issued. Then poshmark responded changed their tune and did not agree to refund and Discover found in their favor. I reached out and asked why and found out they over looked many documents that I had send so the reissued a temporary credit. 

I waited several more moths and checked in regularly with them and they kept saying it looked like it would be found in my favor. I was worried and asked what would happen if it was not found in my favor. I was told on multiple occasions that they could do something in house to make things right. I found out today it was not found in my favor. I asked if they were going to do something in house to rectify this since I no longer had the product in my possession and, they said they wouldnt. 

I contacted XXXX and they said the case could no longer be reopened so Im looking to you for help. This is not fair. Im being required to pay for goods that I no longer have. Its not right. Its highly unprofessional that XXXX didnt honor their policy to begin with. Then for Discover to take over a dispute only to leave me with zero resolution or options moving forward and to pay for goods I no longer gave ownership of."
2024-01-02 00:00:00,Credit card,AMERICAN EXPRESS COMPANY,NC,"My American Express Statement closing XXXX XXXX  had a closing statement balance of {$9500.00} that was due on XXXX XXXX  to avoid an interest charge. I made a payment of {$9600.00} using a XXXX balance transfer check. This payment was posted to my XXXX account on XXXX XXXX, one day prior to the America express due date of XXXX XXXX. When I received my American Express Statement closing XXXX XXXX, I had an interest charge of {$300.00} for the XXXX closing amount. My XXXX payment was not posted to my American Express account until XXXX XXXX, one day after the due date that would have avoided the interest charge, even though American Express processed my payment to XXXX on XXXX XXXX. In addition, on my AMEX statement closing on XXXX XXXX, there was an additional interest charge of {$200.00}, even though my balance due had been paid in full. 
I've had several discussions with American Express in XXXX and XXXX to waive the interest charge, but they have denied my request."
2023-07-14 00:00:00,Credit card or prepaid card,TD BANK US HOLDING COMPANY,VA,"i got an email today stating i was approved for a target credit card that i had not applied for. i contacted target credit card dept to report that i had not applied, order was stopped and card account closed and reported as fraud. the information provided was a new york state drivers license was provided with my address and email"
2026-05-05 14:42:37,Credit card,OneMain Finance Corporation,PA,"Hello. This is for XXXX Credit Card from Onemain Financial Recently I tried to get this card on a Debt Management Plan. I did not have my account number as I had destroyed the card. The account number was needed to add them to the DMP. 

I frequently attempted to get a replacement card or at least the number from XXXX by calling and emailing. They have not sent a card or provided the account number. They claimed it was on the statements. It is not. 

I sent them an email on XX/XX/year> to please provide me a letter in writing with the account number plus all charges on the card and payments. I have yet to receive anything. I also requested a phone call. I have not received a phone call."
2023-12-01 00:00:00,Credit card,CAPITAL ONE FINANCIAL CORPORATION,CA,"I got pre-approved for multiple credit cards by Capital One and I chose one amongst those to fill out an application. I got denied that very minute. This whole pre-approval technique is one big scam by credit companies. If pre-approval never guarantees approval why is it called Pre-approval? This is so manipulating and I don't see how this is legal in our country. They try to put a soft pillow under your head by saying if you fill out this application you will get a hard inquiry because you getting pre-approved when they are not intertwined and only a mere reflection. I got a hard inquiry on my credit report when I was given multiple cards to choose from as I was so-called "" pre-approved '' How is this legal? Someone, please explain to me how it's legal to trick customers into filling out a credit application knowing the pre-approval process doesn't guarantee anything. This is so wrong. The name itself is already misleading. I want my negative credit remark to be removed from my history. I would have never applied if I knew pre-approval doesn't guarantee anything. Why is this program even in the process? Makes no sense. Can someone stand up for us? Stop this scam"
2026-01-27 00:00:00,Credit card,DISCOVER BANK,NH,"On XX/XX/XXXX There was a charge on my Discover XXXX card for {$150.00} from a place called XXXX XXXX XXXX. I did not recognize the charge and disputed it with Discover and they gave me a provisional credit. As of XX/XX/XXXX they have added this charge back to my card as they indicate they have proof from the vendor that this was a legitimate charge. 
I asked Discover to send me proof of the purchase- I have attached a screen shot of what they sent. 
According to this invoice I purchased a XXXX calendar for {$150.00} I used the website outlined in the invoice and it came up as "" site can not be reached ''. 
The phone number comes up as "" spam '' - I have that proof attached to this complaint. 

I sent this information to Discover and they indicate they are not responsible for a fraudulent charge. I explained to them that the vendor accessed Discover and charged my card perhaps because Discover XXXX have the appropriate safety measures. I did not purchase a calendar for {$150.00} nor did I authorize this charge. 

Could you please provide me assistance to get Discover to provide me this credit."
2025-08-13 00:00:00,Credit card,"CITIBANK, N.A.",CA,"I purchased a laptop computer from XXXX XXXX in XX/XX/XXXX. The cost of the laptop was {$2300.00}. I paid for the laptop on my XXXX  XXXX XXXX  XXXX. The charge appeared as "" pending '' for several months. I called Citicard on XXXX XXXX, asking why the charge was not going through. The agent told me that she was not able to see any pending charges. If it wasn't going through she said to contact the merchant and have it run the charge again. 

I did call XXXX and the charge for the {$2300.00} payment successfully posted to my Citicard on XXXX XXXX. A duplicate {$2300.00} charge posted to my Citicard on XXXX XXXX. 

I filed a dispute with Citicard through the online portal in XX/XX/XXXX, and a provisional credit was applied to my account. Citicard responded XXXX, that it needed proof that my purchase was paid using a method other than my account, and again on XXXX, saying my dispute had been concluded and it was unable to resolve the dispute in my favor. 

I have place several telephone calls with, and sent correspondence to Citcard and/or XXXX XXXX multiple times to resolve this matter. See below for the specific dates/times : : XXXX, XXXX - Explaining that duplicate charge was not paid by a different payment method. Both were made to my Citicard. I never communicated that payment was done by a different method. 
XXXX, XXXX - Called to find out what was going on with the dispute. I reiterated that the charge was not paid by a different method. 
XXXX dated letter from Citicard stating XXXX was unable to resolve the dispute XXXX - Prepared letter to Citicard and XXXX XXXX XXXX - Email to Citicard Billing Disputes attaching email correspondence from XXXX received XXXX XXXX, XXXX XXXX Called again to reopen the dispute. Citicard denied receiving my XXXX email. Sent a follow-up email attaching the email correspondence from XXXX. 
XXXX, XXXX - Called again to reopen the dispute. 
XXXX - Citicard letter denying dispute stating, "" We have made every attempt to resolve your dispute with the merchant. They are unwilling to issue a credit to your account and have informed us that this charge is valid... '' I called XXXX XXXX on : XXXX, XXXX - Inquired about my order and the duplicate charge XXXX, XXXX - Call to once again inquire about duplicate charge. asked for documentation showing what payment XXXX had received for the order."
2023-04-27 00:00:00,Credit card or prepaid card,"CITIBANK, N.A.",NY,"I called Citibank to pay the balance on my credit card. The system would not let me make a payment and I was transferred to the "" fraud '' department. I spoke with someone called XXXX in the XXXX who did not speak very good XXXX. She could not locate my account so I am denied the ability to make a payment on my card"
2026-01-08 00:00:00,Credit card,Atlanticus Services Corporation,FL,"I am extremely dissatisfied with Fortiva and their customer service. When attempting to discuss billing issues, I was treated as if I had committed a serious offense. I have been making timely payments on my credit card for several months, with a consistent payment date around the XXXX  of the month. However, without explanation, XXXX  changed my payment due date to the XXXX of the month, resulting in an unjustified late fee. Despite my requests, they have refused to revert to the original payment schedule. As a result, I intend to settle my outstanding balance and close my account. Furthermore. Poor customer service."
2024-04-09 00:00:00,Credit card,"Bread Financial Holdings, Inc.",IL,"I shopped in XXXX, XXXX, at XXXX where I have been a cardholder since XXXX. I have never been late with a payment - ever. Received the bill- {$44.00}. XXXX pair of shorts. The day the bill was received, a check was written and mailed the next day to Comenity Bank. Apparently the check never arrived. I received cellphone call from an irate woman at Comenity Bank, letting me know I was late with payment and this wasn't acceptable and I needed to pay right then. I double checked my checkbook for the check number and date of mailing. I let Comenity know this information, and was told "" so your check got lost in the mail. That isn't going to help ME, is it? '' I then immediately wrote a second check for {$44.00} and mailed it that day. In the meantime, I have called Comenity every day to ask if they have received either check # XXXX or check # XXXX. No far, as of this writing, neither check has been cashed. Today, I received another Talbots bill ( before all of this happened, I'd purchased XXXX belts online ) and a {$30.00} late fee was added, on that {$44.00} pair of shorts. My husband, an attorney, got on the phone and spoke with someone at Comenity. She agreed to drop the late charge. Then she asked to speak to me, at which time she reprimanded me like a child and warned me I was going to be watched for XXXX  months for any other late payments, and if there were any, I could lose my Talbots card. Because of this issue, I returned the belts without even unwrapping them. Even though I returned the belts, I sent a check to pay for them. So- if the Bank is honest, I will expect to have a credit with Talbots. I intend to cut up both my Talbots and XXXX  cards. I will never use a card issued by Comenity Bank again. I am XXXX years old and I have NEVER MISSED A SINGLE PAYMENT ON ANY CREDIT CARD, EVER. A {$30.00} late fee on a {$44.00} pair of shorts???? When the payment had been sent in good faith- just as it has since XXXX. Today the woman from Comenity said "" using the US Postal as an excuse is unacceptable to us. '' I am in the process of warning every woman I know about the hazards of using a credit card issued by Comenity Bank. Already I have received a reply that XXXX woman will never use those cards again ... .hoping more will do the same."
2026-05-20 21:38:06,Credit card,CAPITAL ONE FINANCIAL CORPORATION,MO,"I am contacting you regarding a compliance issue on my Kohl 's Capital One account ( ending in XXXX ). On XX/XX/year>, I spoke with a representative to request a replacement card. The agent offered to expedite the card but completely failed to disclose that a {$16.00} fee would be applied. 

I filed a CFPB complaint ( Case : XXXX ), and your office responded by claiming I "" accepted the disclosed fee. '' This is factually incorrect. Your office is relying on automated system flags rather than investigating what actually occurred. 

All customer service calls are recorded for compliance. I formally request that a senior manager pull the actual audio recording from my XX/XX/year> call. The audio will prove that the {$16.00} fee was never spoken or disclosed. Charging a consumer a fee without prior disclosure is a direct violation of consumer financial protection regulations. 


I request that Capital One review the tape, correct this error, and credit the {$16.00} back to my account."
2026-04-21 00:00:00,Credit card,"Avant Holding Company, Inc.",FL,"I am filing a complaint regarding inaccurate credit reporting and a failed investigation. 

I disputed an account reported by Avant/WebBank on my XXXX credit report, stating that the account was opened fraudulently and that I did not authorize any transactions. Despite my claim of identity theft, XXXX concluded that the account is reporting accurately without providing sufficient proof or a reasonable investigation. 

I request that Avant/WebBank provide verifiable evidence that I authorized and opened this account, including signed agreements, IP address logs, and any documentation used to validate this account. 

Equifax failed to conduct a proper investigation as required under the Fair Credit Reporting Act ( FCRA ). Simply relying on the furnishers response without verifying the accuracy of the information is not sufficient.

I am requesting : - Immediate reinvestigation of this account - Full validation of the alleged debt - Removal of this account from my credit report if proper documentation can not be provided This matter involves identity theft and inaccurate reporting, which is severely impacting my credit. 

I expect a prompt resolution."
2023-04-23 00:00:00,Credit card or prepaid card,"BANK OF AMERICA, NATIONAL ASSOCIATION",FL,"In late 2021, I called Bank of America to request a reduced APR for my credit card. The person, male, who answered the phone advised me that if I opened a new credit card ( i.e. a second credit card ), if I did that, that I could take advantage of their 0 % interest transfer and be able to transfer the entire amount that was currently on my Allegiant Credit Card to the new Credit Card and have 0 % financing for 18 months. I agreed based on this information. 

The truth is that this was not an accurate statement. So, my credit was dinged by Bank of America for opening a new card. I complained several times to the company. Bank of America offered to close the account- which I understood would ding my credit again, and they agreed that it would happen if they closed the account. But they never provided anything other than we are sorry and will talk to the employee who did this and said these things. 

This still infuriates me as I relied to my detriment on BOA 's representation that I would be able to have 0 % interest on my balance for 18 months. At no time has this happened. 

This is flat out fraud, and I advised them of this. I even called the fraud line for BOA and the only recourse they had was to close the account, which, again, would hurt my credit score. It did not occur to me until today that I could file a complaint with Consumer Protection. 

I believe this is standard practice for BOA to get as many credit cards out to people as possible. I would like BOA to have consequences for their agent's/employees behavior."
2024-01-10 00:00:00,Credit card,CAPITAL ONE FINANCIAL CORPORATION,MA,"I'm filing this complaint because of an unsatisfactory or fair resolution with Capital One Venture X credit card. 
Details : I booked airfare on XXXX through Capital One Travel on XX/XX/XXXX for a trip on XX/XX/XXXX leaving at XXXX XXXX  and arriving at XXXX XXXX  ( XXXX hour layover ). I paid for this airfare with my yearly {XXXX} travel credit which I'm given as a benefit with the rest being covered with credit card points. I was notified by XXXX on XX/XX/XXXX that they canceled my original flight and rebooked me on an alternative flight leaving at XXXX XXXX  and arriving at XXXX XXXX  ( XXXX hour layover ). Unfortunately, XXXX 's alternative travel times did not meet my needs so I needed to change them. I contacted XXXX for additional flight time alternatives, but they couldn't provide me with any acceptable options therefore I had to find another airline that could meet my needs. Once I found a replacement flight using the Capital One Travel portal, I canceled my XXXX flight. When this was being completed, I noticed a credit for the {XXXX travel credit and the points I used back in my account. I then rebooked a new flight with XXXX XXXX on the same date and destination as the original travel using the Capital One Travel portal. As I was completing the purchase for this trip, I noticed that the XXXX travel credit was not available for me to use and when I looked at the account, I could see that it was put back in my account when I canceled the XXXX trip, but then it was listed as expired as of XX/XX/XXXX. I contacted Capital One Venture X and they said that the {$300.00} travel credit expired and they couldn't backdate it so I could use it again for this replacement travel. They offered to escalate the issue for resolution and would get back to me within 7-14 days. I told them that if they couldn't backdate the {$300.00} travel credit, then I would also accept an alternative of issuing me the {$300.00} in credit card points which would be XXXX points. I rebooked the replacement airfare with Capital One Travel on XXXX XXXX and paid for the purchase with all credit card points since the {$300.00} travel credit wasn't available to use. On XX/XX/XXXX I called Capital One Venture X customer service, they called me on XX/XX/XXXX and asked me to call them back, to discuss the resolution of my escalation. The result of my escalation to Capital One was that they were telling me that they couldn't give me the ability to use the {XXXX} travel credit because it had expired and that they couldn't issue me the same amount in credit card points as a replacement either. They didn't offer any other alternatives or support and just told me that they were sorry but my {XXXX} travel credit expired and they couldn't offer me anything to resolve the situation. I explained the situation again and asked to escalate this and I was put in contact with a supervisor. I again explained the situation and she told me the same answer. I asked her to escalate the complaint and she put me on hold to talk to another person but then came back with the same response that they couldn't do anything for me and there wasn't a way to escalate any futher. This is why I'm creating this complaint with the CFPB. 
I understand this wasn't Capital One 's fault, nor was it my fault, but rather it is XXXX 's fault which is why I canceled my trip with XXXX. I was really expecting that Capital One would have allowed for a 24-48 hour window to reallocate the usage of the XXXX travel credit before it would have expired for situations like this where it's a cancellation and rebooking, or issue credit card points as a replacement. I am very disappointed with how Capital One handled my situation especially how they didn't offer any type of a resolution at all that could have been seen as good will or good customer service. 
I feel that I'm the one that has been taken advantage of to the tune of XXXX"
2023-03-03 00:00:00,Credit card or prepaid card,AMERICAN EXPRESS COMPANY,CA,"On XX/XX/2023 I applied for credit with AMERICAN EXPRESS and was denied. This is a violation of Equal Credit Credit Opportunity Act which is codified in 12 CFR Part 1002, also a violation of 15 U.S.C 1681m. This is proof of fraudulent activity ( unauthorized use of credit card 15 USC 1602p. The Card applied for was an AMERICAN EXPRESS Amex Card with a {$50000.00} limit and 110,000.00 flyer miles."
2026-05-05 14:13:42,Credit card,U.S. BANCORP,FL,"On XX/XX/XXXX offer ( expiring on XX/XX/XXXX ) was emailed to me : "" You may designate up to 50 % of your credit card line ( {$100.00} minimum ) in credit card purchases and split purchases into equal monthly payments and pay no interest for up to 6 months ''. 
Purchase was made for {$2300.00} on XX/XX/XXXX ( auto repairs ). On XX/XX/XXXX logged into my account, clicked on XXXX. It says : THIS ACCOUNT ISN '' T ELIGIBLE TO USE XXXX Called ELAN customer service, was told by XXXX that purchase is eligible, but she can't fix it so transferred me to the "" Specialist ''. XXXX told me that I shouldn't be reading UP TO 50 % but read it as OVER 50 % of my credit limit, which is {$15000.00} in order to get XXXX. I disagreed with XXXX and was transferred to "" Supervisor ''. XXXX bluntly told me that what it says doesn't matter, and there is a list of "" eligible purchases '' that he doesn't have and can not provide. 
This company baits consumers in with misleading ads to make large purchases promising 6 months 0 % plan in order to force them into high interest payments once purchase is "" not approved '' without any logical explanation."
2023-11-20 00:00:00,Credit card,Incomm Holdings Inc.,OH,The number on the card is 12 and any where you try to use it it says the number is not complete. They put a phone number on the card yet you dont get anyone to talk too. I feel like is a scam. Please help me get my money back.Thanks
2026-01-01 00:00:00,Credit card,SYNCHRONY FINANCIAL,FL,"On XX/XX/XXXX, I made a purchase in the amount of {$6900.00} using a deferred-interest promotional financing offer issued by Synchrony Bank , described as no interest if paid in full, with a promotional expiration date of XX/XX/XXXX. 

All items associated with the purchase were not delivered until weeks later, and my first payment was not due until XX/XX/XXXX. As a result, interest accrual under the promotion effectively began before meaningful repayment obligations started, and before I had full use of the purchased items. 

At the time the promotion expired, a remaining promotional balance existed. Prior to XX/XX/XXXX, I did not receive any affirmative notification by email, letter, text, alert, or prominent statement notice, advising that the promotion was about to expire, stating the exact payoff amount required to avoid interest, or warning that failure to pay the balance in full would result in retroactive interest being applied from the original purchase date. 

After the expiration date, Synchrony assessed {$2600.00} in deferred ( retroactive ) interest, calculated from the original purchase date. The first time I became aware of the full financial consequence was after the interest had already been charged. 

I contacted Synchrony Bank to dispute the charge and requested that the interest be reviewed and reversed due to the lack of any affirmative or timely notice. Synchrony denied relief, stating that I enrolled in electronic billing, that the information appeared in statements, and that I should have checked those statements. Synchrony also referenced a post-expiration grace period, which was only mentioned after the interest had already been applied. 

I dispute the interest charge because a substantial retroactive finance charge was imposed without effective, timely, or affirmative notice prior to the promotional expiration date, and because the promotional structure did not clearly flag the interest trigger date or payoff amount. This was particularly problematic given that the first payment was due a month after the purchase date and that not all items were delivered, installed, or fully functional in a timely manner, with some requiring repair, replacement, or additional components."
2025-04-25 00:00:00,Credit card,"Paypal Holdings, Inc",VA,"Complaint Title : Unlawful Withholding of Funds Beyond the 180-Day Holding Period PayPal Complaint Text : I have had my PayPal account ( Reference ID : XXXX ) limited for over two years. PayPals User Agreement specifies that funds in a limited account are to be held for no more than 180 days to cover potential disputes. 

Despite the passing of more than four times that period ( over two years ), PayPal has refused to release my remaining credit or provide a valid explanation. I have made numerous formal requests to withdraw my balance and close my account, all of which have been met with automated or copy-paste responses referring to irrelevant 180-day policies.

There are no disputes, no negative balance, and no legal claims pending on the account. PayPals continued withholding of my funds without justification is unreasonable, violates their own stated policies, and denies me access to my legally held money. 

I respectfully request the Consumer Financial Protection Bureau to intervene and require PayPal to immediately release my remaining funds and permanently close my account as per my repeated written requests. 

Requested Resolution : Immediate release of my credit/funds. 
Closure of my PayPal account without further delay."
2025-11-25 00:00:00,Credit card,DISCOVER BANK,VA,"I am an active-duty servicemember who was XXXX from XXXX through XX/XX/year>. During this period of military service, and through no willful neglect, I inadvertently failed to set up automatic payments on my credit accounts. As a direct result of my XXXX obligations, late fees were assessed and negative information was reported to the consumer XXXX XXXX XXXX. 

Upon returning from XXXX on or around XX/XX/year>, I promptly invoked my rights under the Servicemembers Civil Relief Act ( SCRA ), 50 U.S.C. 3XXXX, with Discover Financial Services. My account has yet to be retroactively adjusted to my active-duty start date, consistent with SCRA-mandated backdating XXXX. I was subsequently notified that my account was permanently closed on XX/XX/year>, even though I had already provided written notice of my active-duty status via XXXX Mail on XX/XX/XXXX, XXXX satisfies the SCRAs requirement for providing a creditor written notice and a copy of military orders. 

Under the SCRA, creditors are explicitly prohibited from taking adverse actionssuch as account closures, penalty assessments, or negative credit reportingsolely due to a servicemembers inability to meet financial obligations arising from military service. The XXXX was designed to protect servicemembers from precisely this type of punitive action when their military duties materially affect their ability to manage civilian financial responsibilities. My XXXX significantly limited my ability to receive, review, and respond to mail or creditor communications in a timely manner, and I acted diligently upon my return."
2024-09-21 00:00:00,Credit card,DISCOVER BANK,NC,"Order placed on XX/XX/year> with XXXXXXXX XXXX XXXXXXXX, delivery promised within 6-8 weeks. 
8 weeks passed and no delivery information was forthcoming. Called XXXXXXXX XXXX XXXXXXXX several times and told someone would call me back with delivery information. 

I Never received any delivery information or call backs so on XX/XX/XXXX I opened a dispute with Discover card. I have contacted Discover card several times and they give me different information each time I call/chat. The dispute is resolved in my favor. The dispute is still open. I have to wait longer for an answer. 

I feel that almost 5 months is more than sufficient time to have a final resolution to this matter. The item was never shipped, Discover acknowledges this yet they keep telling me the dispute is still open. 

I feel there is no consumer protection and I am being held hostage indefinitely. I would like to order a table from somewhere else but I am afraid that I am still on the hook even though its been 5 months."
2023-05-24 00:00:00,Credit card or prepaid card,TRUIST FINANCIAL CORPORATION,FL,"On XX/XX/XXXX I noticed a charge on my Truist XXXX and immediately filed a claim for it when it posted on XX/XX/XXXX claim XXXX. The charge was {$1200.00} for a plastering company in RI. I live in FL have no idea who the company and have never done business with them. When the claim was filed Truist stated they would investigate it, send me papers to sign for the dispute, block the card and reissue it. They also stated, it would take about 14 days for the claim to resolve. While the transaction was under investigation the amount would be deducted from my current balance, would not affect my minimum payment amount and I would not be charged interest on the card. I followed up on the claim on XXXX was then told I would need to wait longer for the dispute to resolve, and brought up the fact the amount was still in my balance, accruing interest, and affecting my minimum payment amount. On XX/XX/XXXX I noticed two additional fraudulent charges were made on the same account with the card that was supposed to be blocked and reissued. I confirmed with the representative that the card in question was never blocked and reissued and the charges were allowed to post so I filed another claim for those XXXX. I again questioned the resolution of the original claim XXXX made back on XX/XX/XXXX. I was told the claim could take up to 2 statement cycles. I have two statements one for XXXX one for XXXX both have the {$1200.00} amount showing, accruing interest, and affecting payment amount. I have lost all confidence that this claim will be resolved correctly, and me made whole as a consumer. Please help."
2023-11-16 00:00:00,Credit card,"Block, Inc.",TX,"I received a card in the mail from XXXX. 
It never applied for the card. 
I called the company and asked the account to be closed, yet they did not talk to be about it. They said they will only speak to the account owner! Which is probably the hacker who stole my ID."
2025-12-04 00:00:00,Credit card,AMERICAN EXPRESS COMPANY,GA,"On XX/XX/year> I made a payment via AMEX app of {$700.00} on my XXXX AMEX account ending in XXXX, which was not due until XX/XX/year>. The minimum due was {$610.00} and my balance after payment was {$180000.00}. I supposedly did not have a credit limit BUT had to verify ( before using the card ) my 'Spending Power ' ( aka Spending Limit , which was {$22000.00}. 

On XX/XX/year>, 3 Days after making the payment, I received an email stating that a credit limit was applied to my account in the amount of {$13000.00}, which now shows that I'm over the limit in the amount of {$4900.00}, with the following statement in the app "" Your balance is above your present spending limit. Making a payment today will help prevent any disruption to your spending. '' On the same day at XXXX XXXX, I called AMEX XXXX XXXX ) XXXX to speak to them about the unexpected credit limit change. I finally spoke with a rep and explained the concern and asked why was my credit limit changed and why AFTER I just made a payment. The rep responded, "" The decision to change your credit limit was made because your balance was too high and the payments inadequate based on the high balance. I stated that I pay either the minimum required or higher each month, so if there was an issue with the monthly minimum I was paying, then why didn't they raise the amount of the minimum required. The rep was not able to provide a reasonable or logical response to that question. She stated that she was the after hours rep and I would need to call back during business hours for more details. She also offered me the option of requesting a credit limit appeal, and I asked what would be required for that appeal. She stated I would need to verify my employment with paystub verification, BUT the way they wanted to verify was for me to provide them with 3 months worth of my bank statements. I told her if you need proof of my job, then 3 months of paystubs would be legitimate, so why are you asking to see details regarding my bank account. Once again, she could not provide further details WHY bank statement was required vs proof of paystubs. I found this to be extremely unethical approach and did not provide them with any bank details nor responded to the appeal. 

Each month I would pay either the minimum due or more, prior to due date. I had not been using the card, except for low cost items, including items that the credit card would provide a reward ( credit ) based on the credit card perks. The new credit limit applied to my account negatively affected my credit, in which AMEX should be liable to CLEARLY the justification for the credit limit change and HOW they handle the process. There was clear intent to "" bully '' me into paying down the balance, with that unethical approach and they should be addressed by government agencies to correct their practices."
2023-02-18 00:00:00,Credit card or prepaid card,DISCOVER BANK,PA,"****Discover case # XXXX Opened a credit card with Discover and initiated a balance transfer in the amount of {$1300.00} under a promotional offer of 18mos 0 % int on balance transfers. 

Discover sent the check to XXXX XXXX ( That is the name printed on the front of my card ) however the check was rejected because XXXX only accepts checks made out specifically to XXXX, XXXX. Notified Discover that the check was rejected and that the check was mailed back to me at my home address. I am in possession of the {$1300.00} check issued by Discover proving that it was never cashed. I offered to send the check to Discover and they said it wasn't necessary however they still posted the {$1300.00} balance to my card. I now have the same {$1300.00} on my XXXX card AND my Discover card. I do not understand how Discover can post a balance to my account for a balance transfer when the balance transfer check was never cashed. It has be over 7 business days since I notified Discover of the problem. Still has not been resolved, called several times, I have also not received any updates. I does not appear that either XXXX or Discover have any intentions of resolving this in a timely manner."
2025-10-02 00:00:00,Credit card,JPMORGAN CHASE & CO.,CA,"CFPB Complaint Draft Chase XXXX Credit Card Summary of Issue On XX/XX/year>, I called Chase Credit Card Services and made a {$400.00} payment toward my Chase XXXX credit card. During this call, no one informed me that my account had already been shut down. Had I known, I would not have made this large payment in good faith I would have only made my regular monthly payment. 

On XX/XX/year>, I called Chase again and was told by a representative named XXXX that my account had been closed. This was the first time I was notified. I explained that I never would have made a {$400.00} payment if I had been informed of the closure. XXXX assured me I could receive a partial refund once the payment posted. 

When the payment posted, I called back, and Chase submitted a refund request, telling me, you should see it posted within the next XXXX business days. After waiting, I called again, only to be told that it instead had to go through a revision process. At every step, I was misled, delayed, or outright uninformed. 

Additional Context Chase shut down both my credit card and personal bank accounts because of a dispute with ICON Collective, where I rightfully filed chargebacks. These were valid consumer disputes not fraud yet Chase labeled the activity as suspicious and shut everything down without warning. At no point, including when I directly called to make payments, did Chase disclose what was happening or provide me an opportunity to resolve the situation. 

Because of these closures, I lost access to my money for over a month and a half, experienced multiple returned payments, and suffered credit harm. 

Harm to Me I made a {$400.00} payment in good faith, without being informed that my account was closed. 

I was repeatedly given incorrect or misleading information by Chase representatives. 

I was denied access to my own money due to Chase shutting down my accounts because of the XXXX Collective  chargeback situation. 

I endured severe financial disruption and credit damage as a result of Chases actions and lack of communication."
2023-05-09 00:00:00,Credit card or prepaid card,"Colony Brands, Inc.",CA,"I purchased a dress from Ashro in XX/XX/2022. The Item was not as described, the color was not as described, the sizing was off, the material didnt match the picture. I returned the item. Ashro took the return, and turned around and charged me for the shipping. This company sent me merchandise that was not as advertised. Now they have put this charge as a negative on my credit. I want this removed from my credit due to product not being as pictured or described."
2026-01-20 00:00:00,Credit card,SYNCHRONY FINANCIAL,CA,"I was sent to collections for a credit card account without receiving any billing statement or notice of payment due. The creditor failed to send a required billing statement prior to declaring the account delinquent and referring it to collections. 

I did not receive a paper bill or electronic statement, and I was not notified that the account was past due. As a result, my account was improperly sent to collections, causing credit damage and fees. 

I logged into my account online in XX/XX/year> and got the message that no account was found with the provided credentials. 

I then called the creditor in XX/XX/year> and they shared they have no records of me having an account with them or a past due balance and not to worry about any payments due. 

I found out about my current balance from a credit report and when called the creditor, they initially shared they have no records of a due balance or account and upon further questioning from my end, they transferred me to account recovery where they confirmed the account was sent to collections."
2024-04-05 00:00:00,Credit card,JPMORGAN CHASE & CO.,MA,"Three times in the past year someone has stolen my identity and opened a chase credit card. I have put a hold on my account under all the major credit bureau 's, and called chase everytime to close the account. I asked them to put a permanent hold on my social security to not open an account when someone tries to use it, and they said that is not possible. This is negiglance by the company, and it is a simple software that can put holds that it is irresponsible that they do not have."
2025-07-29 00:00:00,Credit card,"CITIBANK, N.A.",TX,"I booked a trip to XXXX, XXXX, and second week of XX/XX/year> and round-trip airfare tickets. The airline tickets were refunded by XXXX XXXX however XXXX I booked a week stay at a hotel they are third-party vendor. I also purchased their online insurance in the end found out they are very fraudulent as I had to cancel my trip. I was going to get married, but that did not happen. They had 10 days to refund my money The airline refunded my money immediately XXXX however gave me a bunch of bylaws and small print showing that my reason for cancellation was not valid and therefore would not refund my money and if I cancel or forfeit my reservation, they will still keep my money. Their online insurance does not disclose what is covered, but they do in the beginning. Say it is recommended to protect your interest of refund finding out that their interest is there is no interest that no matter what you do is a consumer you will not get your money. They are very well documented out of the state of California New York for fraud and overcharging and adding on excessive fees And it seems that no one has stop this company. I have Citibank through XXXX. Airlines turned in my dispute as I never did use this transaction asked for a refund of {$1300.00}. They dispute it three times. The vendor has denied to refund the money without probable cause a reason I also try through the vendor myself. They have all the evidence of what happened and all my cancellation flights, etc. so does Citibank Citibank said that theres nothing more that they can do its my problem now that I have to deal with the vendor. Ive already dealt with the vendor now multiple times And they give me the same response. Ive reported them to XXXX XXXX XXXX XXXX. Ive also now Im complaining to you regarding the same situation with Citibankand XXXX  Ive also complained to the Texas Attorney Generals office and my last action would be small claims court, which will be difficult because theyre out of state. I would love to be refunded my money as Citibank basically did not support me at all immediately decided with the vendor and said theres nothing more they can do when they did not do anything at all. Im very upset and do not want to pay for something I never used"
2023-01-02 00:00:00,Credit card or prepaid card,SYNCHRONY FINANCIAL,OR,"I got harrassing phone calls from XXXX XXXX. They claimed i had an unpaid Paypal credit card. I said I had NEVER Had a paypal credit card i got letters and many angry, harrassing calls from XXXX XXXX. 

I have a fuXXXX XXXX XXXX XXXX XXXX XXXX XXXX XXXX XXXX XXXX 

They asked me to confirm personal info which I challenged and they said they would mail me some report. 

I got a letter, attached, from XXXX XXXX. I looked up Synchrony Bank. They apparently bought Paypal Credit. Someone must have FRAUDULENTLY used my ID to charge over {$900.00} on a Paypasl credit card. With interest, due to this FRAUD, Syncrhony Bank claimed that I owed more than {$1200.00}. 

I got more harrassing phone calls. 

They sent a form to fill out to dispute the claim and I took a Saturday XXXX  to go to a bank and have it notarized. I scanned it, emailed it in and mailed it in via USPS."
2025-01-17 00:00:00,Credit card,JPMORGAN CHASE & CO.,CA,"On XX/XX/year>, I visited Chase Bank at XXXX XXXX XXXX XXXX, XXXXXXXX XXXX XXXXXXXX to make a payment towards my Chase Visa card via the ATM. At XXXX XXXX, I deposited {$5500.00}. The machine accepted the deposit but returned {$500.00}, stating that not all bills could be accepted. After retrieving the returned {$500.00}, the ATM screen displayed an error message, and the machine issued a receipt with instructions to call XXXX. 

I called the number and was transferred three times before being advised to visit the branch. Upon the branchs opening at XXXX XXXX, I met with the XXXX, who had an associate call the same number, but no resolution was provided. I emailed the branch XXXX, XXXX XXXX, requesting assistance, but received no response after he promised to escalate the issue. He confirmed that XXXX handles the ATM reconciliation but could not offer a solution. 

I am concerned that when the machine is counted and reconciled, the {$5000.00} not applied to my payment will be evident, but I have yet to receive clarification or resolution regarding this matter."
2024-03-30 00:00:00,Credit card,"CLGF Holdco 1, LLC",NC,"I have a milestone credit card and there was fraud on the account. They said they were mailing me a new card but never mailed it but mailed me a letter saying I was late on a payment! 

I called once I received this letter and asked a manager what the issue is, I havent received a new card but received this letter. 

He informed me that the credit card company said they need a photo id mailed to them to reissue a card but I never received this letter requesting this! 

So my account is frozen with no ability to send any information since I never received a letter or card! But, I was able to call and give my information and he openly talked about my account, so explain that one to me! 

How is this possible in XXXX! These credit card companies are out here like its the wild wild west doing whatever they want!"
2026-03-23 00:00:00,Credit card,"BANK OF AMERICA, NATIONAL ASSOCIATION",GA,"Subject : Formal Complaint and Request for Executive Review Right of Setoff and Refusal to Remedy I am requesting an immediate executive-level review regarding Bank of Americas handling of a recent right of setoff applied to my husbands account.

Bank of America removed over {$4000.00} from a sole account in my husbands name to satisfy a delinquent credit card debt. While we understand th
at a right of setoff may exist under certain circumstances, we have serious concerns regarding how this action was executed and the complete refusal to reasonably address its impact. 

No prior notice was provided before the withdrawal occurred. This deprived us of any opportunity to make arrangements, address the debt proactively, or prepare for the financial impact. Regardless of internal policy language, removing the entirety of available funds without warning demonstrates a lack of reasonable care toward customers. 

When we contacted Bank of America to request a review and partial reimbursement, we were met with a firm refusal to assist in any capacity. This was despite clearly communicating our situation and requesting only a portion of the funds back to prevent immediate financial hardship.

Most concerning, a local branch manager advised us to close our accounts to prevent further withdrawals and acknowledged that reversals are possible, yet none would be considered in our case. This inconsistency raises serious concerns about how discretion is being applied and whether this matter was reviewed fairly.

Over the past two years, our family has endured significant hardship, including job loss, a workplace injury, the loss of our home due to fire, and the collapse of a business in which we invested our life savings. We have been living in a camper while working to rebuild. These funds represented our first meaningful opportunity to stabilize, including covering necessary work-related travel expenses for my husbands new position. 

Instead, the full amount was removed without notice and without any willingness to consider a reasonable solution. 

We are not disputing the existence of the debt. We are challenging the manner in which this situation was handledspecifically the absence of notice, the lack of discretion, and the refusal to provide even partial relief despite clear hardship. 

As a result, we have closed all accounts with Bank of America. 

We are requesting the following : - A formal executive review of whether this setoff was applied appropriately under Bank of America policy - Written clarification of notice procedures and how they were satisfied in this case - An explanation of the decision-making process that resulted in a complete denial of any refund - Reconsideration of a full or partial reimbursement of the withdrawn funds If this matter is not resolved appropriately, we are prepared to pursue further action through the Consumer Financial Protection Bureau and other applicable regulatory channels. 

We expect a prompt and thorough response. 

Sincerely, XXXX and XXXX XXXX"
2024-11-06 00:00:00,Credit card,"CITIBANK, N.A.",MD,"I'm a international traveler who open checking accounts numbers internationally globally. 
I was XXXX XXXX regular XXXX XXXX  XXXX XXXX Texas XXXX, around XXXX to XXXX. 
During those years I open department store credit cards accounts. 
I lost all my department store credit cards account."
2026-01-13 17:58:24,Credit card,Pending Company Match,LA,This complaint is regarding the surcharge fees that ALL COMPANIES WHO TAKE CREDIT CARDS are passing on their fees to the consumer. This was once illegal - why is this legal now and if President Trump wants to do something then he should focus on this type of consumer robbery. This is a cost of doing business. Maybe credit card processing companies should be limited on these fees to help out the people in business.
2026-02-04 00:00:00,Credit card,CAPITAL ONE FINANCIAL CORPORATION,NY,"My wife and I are submitting this complaint regarding Capital Ones failure to properly investigate and apply refunds issued by the merchant XXXX XXXX for XXXX travel payments. 

In 2024, we attempted to purchase XXXX packages through XXXX using their digital wallet system. We loaded funds using multiple credit cards, including Capital One cards and an XXXX XXXX. Unfortunately, we were unable to secure XXXX tickets, and XXXX approved our refund requests. 

XXXX confirmed that all refunds were issued back to the original cards. The XXXX XXXX refund posted successfully. However, none of the refunds ever appeared on our Capital One accounts, despite XXXX confirming they were sent. 

We contacted XXXX multiple times, and they provided written confirmation that refunds were issued. On XX/XX/year>, XXXX gave us refund details and confirmation that the funds had been returned to Capital One. We then contacted Capital One and opened disputes. 

Capital One initially provided temporary credits, but later reversed them and rebilled the amounts, stating that the merchant claimed the goods were received, which is incorrect. No XXXX services were ever received because we did not obtain tickets. 

Despite providing documentation and repeatedly asking Capital One to trace the refunds, Capital One refused to conduct a proper settlement trace or resolve where the refunded money went. Instead, they closed the dispute and held us responsible for thousands of dollars that were already refunded by the merchant. 

As a result : Our balances remain incorrectly high We were forced into delinquency Our credit scores were severely damaged We have been denied housing and financing opportunities We suffered significant financial and emotional stress We did everything correctly as consumers. The merchant refunded us. Capital One failed to apply those refunds or properly investigate where the funds went. 

What I am requesting : 1. Capital One must conduct a full refund trace and apply all missing refunds properly. 
2. Capital One must delete all inaccurate negative credit reporting related to this error. 
3. Capital One must correct our account balances to reflect the refunded amounts.

4. We are requesting financial compensation for the damages caused by Capital Ones failure to investigate and resolve this issue.

This situation has been ongoing for a long time and has caused serious harm to our financial lives. We are asking for CFPBs assistance in ensuring Capital One fulfills its legal obligations under the Fair Credit Billing Act and Fair Credit Reporting Act."
2025-06-08 00:00:00,Credit card,SYNCHRONY FINANCIAL,CA,"On XX/XX/year>, CareCredit ( Synchrony Bank ) closed my credit card account due to multiple returned payments. I was only notified of the closure by a mailed letter, which I received the weekend of XX/XX/year>, well after the 24-hour deadline to fix the issue had passed. Prior to this, I regularly received payment reminders by phone and text, but no such notifications were given regarding the account closure. 

The returned payments were unintentional and caused by banking processing delays and a duplicate payment attempt. I made the full payment promptly after realizing the issue and attempted to communicate with CareCredit to resolve it. 

Despite my efforts, the account was closed abruptly, and the negative information has now damaged my credit score. When I contacted CareCredit to ask about alternative notifications or assistance, their representatives refused to provide clear information or support. 

I am seeking a resolution for the improper closure and unfair impact on my credit, as well as clearer communication and fair treatment going forward."
2024-11-16 00:00:00,Credit card,GOLDMAN SACHS BANK USA,CA,"On my Goldman Sachs Apple card, On or around XX/XX/year>, I disputed a transaction for {$260.00}. I purchased a XXXX costume from a company in XXXX. When it arrived, it looked nothing like the costume in the photos and did not fit. I requested to company in XXXX in XXXX of XXXX  that I be allowed to return it per their policy. They agreed, but said I needed to return it to XXXX and pay all shipping costs. I demanded that since I was fraudulently sold a costume that did not match the photos, they needed to pay all costs. The company in XXXX refused. Instead, they offered me a partial refund. I declined and filed the dispute with my Goldman Sachs Apple Card. Since then, Goldman Sachs has continuously reopened the dispute and closed it in favor of the company in XXXX requesting more information each time since XX/XX/year>. I am disappointed with Goldman Sachs Apple Card, this is by far the worst experience I have ever had with a credit card company."
2023-11-22 00:00:00,Credit card,ALLIANT CREDIT UNION,IL,"I initiated the following disputes that have not been processed within the required 90-day period. It also appears that Alliant has been collecting payment for items in dispute, against FTC rules. 

XX/XX/XXXX  {$230.00} XX/XX/XXXX  {$140.00} XX/XX/XXXX  {$4.00} XX/XX/XXXX  {$30.00}"
2025-02-06 00:00:00,Credit card,U.S. BANCORP,MA,"Someone attempted to apply for multiple credit cards with my personal information. 
XXXX XXXXXXXX XXXX XXXX XXXX XXXX XXXX XXXX XXXX XXXX XXXX  XXXX"
2025-03-25 00:00:00,Credit card,SYNCHRONY FINANCIAL,AZ,"Synchrony Bank and its terrible customer service have harrased and locked my XXXX XXXX card, even though the requested XXXX was updated with them, 4 times by 4 different customer service reps. These 4 customer service have never bothered to update the information that Synchrony Bank. On XX/XX/year> I spent 20 minutes with a customer service who said she would update the XXXX and remove the lock on my credit card account, that I unware was there again for the 4th time. The customer service rep did not do her job and my credit card account is locked, even the requested information was updated over the phone."
2025-02-03 00:00:00,Credit card,"CITIBANK, N.A.",AZ,"I received a text alert about a suspected fraud charge from Citi about my Best Buy Visa card, showing a purchase from XXXX XXXX XXXX XXXX in XXXXXXXX XXXX  on XX/XX/XXXX in the amount of {$230.00}. I immediately called Citi to report that as a fraud charge as I do not shop at XXXX 's, nor do I live in XXXX. I live in XXXXXXXX XXXX. There were also other Fraud charges I received email alerts about, though these were blocked and never posted thankfully. Screenshots attached. 

I was told that the charge would be credited, and received a letter in my documents on the online account confirming this. A week or so later, around XX/XX/XXXX, I check my account and see a Sales Adjustment crediting me the total amount charged, {$230.00}. I assumed the matter was resolved. 

On XX/XX/XXXX, I saw the charge was reinstated, dated for XX/XX/XXXX for XXXX XXXX XXXX XXXX in PA, for the same amount, {$230.00}. I called Citi the following Monday and asked why the charge was reinstated, to which they said they sided with the merchant. They said the merchant had provided evidence that I had purchased a "" XXXX XXXX XXXX '' for the amount charged. I said that's literally impossible because I do not live in PA, I do not own any XXXX XXXX items, and I live in XXXX and thus do not have any use for a jacket. 

The Citi rep and I went back and forth, I asked for the evidence they provided, he would not provide it. He said that I need to provide proof that I did not purchase the jacket. I am not sure how you prove that I did not purchase something, but I pointed to the fact that my card was used in the days before and after that single XXXX 's purchase at merchants local to my home address. He said I would need to fax a copy of my ID to the fraud department, which I did on XX/XX/XXXX. I have not heard back from them since and all attempts to get through their phone system are fruitless. 

I tried calling the merchant myself, but when I called the XXXX XXXX XXXX XXXX, I was told that the XXXX XXXX XXXX XXXX XXXXXXXX XXXX is the name that would appear if it were an online purchase. This is the first I am learning that the purchase was online, and not in person like I had originally thought. 

I am not sure where to go from here. Citi is unwilling to return my money or work with me on this, and I am met with dead-ends or impossible hoops to jump through. I have no earthly way to prove I did not purchase something. I would think the burden of proof would be on XXXXXXXX XXXX I do not shop there, I have no XXXX XXXX jackets. If they could maybe get the shipping address for the order, they would see it wasn't me who placed the order, as no such item was ever delivered to my house in XXXX. Wherever it was delivered, is likely the individual responsible."
2023-06-26 00:00:00,Credit card or prepaid card,JPMORGAN CHASE & CO.,FL,"XX/XX/2023 To JPMCB Card Services I hereby request JPMCB card number XXXX to send confirmation letter account not mines, Find attached XXXX confirmation letter stating, XXXX has completed the investigation including contacting the furnisher of information, where applicable, a summary of the results listed below JPMCB Card services has been deleted from the credit file see attached XXXX letter"
2024-07-21 00:00:00,Credit card,SYNCHRONY FINANCIAL,AL,I made a {$730.00} purchase in XXXX that resulted in the company charging me for items not received. I disputed this charge with Synchrony Bank and won the chargeback. Synchrony Bank issued too many credits and made adjustments for me to pay those credits back XX/XX/XXXX. I agreed and paid for the adjustments added to my statement. The issue is PayPal is saying I still owe {$270.00} for this transaction that never originated through them. I have documented proof of a XXXX balance with my credit card company. Synchrony has received money not owed to them and refuses to send it to PayPal to clear my account. I have lost use of my account and can no longer see any pertinent information.
2025-02-06 00:00:00,Credit card,BARCLAYS BANK DELAWARE,MA,"I am writing to formally escalate my complaint regarding Barclays ' continued failure to process my credit balance refund for my closed XXXX XXXX XXXX XXXX XXXX account. Despite my multiple requests for a refund, Barclays has yet to resolve the matter and continues to impose unnecessary obstacles preventing me from accessing my funds. 

Barclays ' response to my CFPB complaint acknowledges that I initially requested a refund of {$190.00} on XX/XX/year>, and multiple attempts were made to reissue the check following reported delivery issues. However, despite four separate re-issuance attempts on XX/XX/XXXX, XX/XX/XXXX, and XX/XX/XXXX, I never received any of these checks. 

Rather than providing an effective resolution, Barclays now demands proof of address before issuing another checkeven though I no longer bank with Barclays, making such a request entirely unreasonable. I should not be required to submit additional documentation to access my funds, especially given that Barclays has updated my address multiple times in response to my prior refund requests. This additional bureaucratic hurdle further delays the refund process and makes it unreasonably difficult for me to retrieve my balance. 

Additionally, I have repeatedly requested alternative refund methodssuch as a direct balance transfer to an existing checking account or another cardbut Barclays has refused to offer these reasonable solutions. Instead, it insists on reissuing checks via regular mail despite apparent issues with delivery. Given the history of failed refund attempts, this approach does not inspire confidence nor provide me with a reliable way to receive my funds."
2024-07-02 00:00:00,Credit card,"CITIBANK, N.A.",PA,"Additional information regarding complaint XXXX. I thought I had previously submitted the following details regarding fraud that occurred with my Macy 's card last week however it appears it did not go through. 

XX/XX/XXXX Macys sends email stating they are cancelling an order XXXX @ XXXX. Following this message, Another purchase immediately following XXXX is sent. I see this activity and immediately call Macys @ XXXX Informing Macys that it is indeed fraud on my card. They notate the fraud and close/cancel my card. I told them to stop/cancel any purchases in flight. They failed to stop anything. 
Macys fraud dispute information on line states to report it right awayand further states After you report the activity, let us take it from there. 
With that statement one would only assume any purchases in flight would be halted and any new purchases would be stopped. Anything regarding your profile would be flagged so no activity could occur. Orders were not cancelled. They allow more purchases to occur. The same day another purchase is made with a card ending in XXXX. My card ends in XXXX. Card ending in XXXX is not my card, not a card ever authorized to be opened nor was it ever in my possession. 
On XX/XX/XXXX I receive an email message stating Were confirming you changed your Macys email address. If you didnt make this change call customer service immediately. I called immediately. How did they let an email change occur in my on-line profile when fraud was reported 2 days prior? Wouldnt that be a red flag that should be caught and stopped/not allowed from being processed? 
More purchases occur. The Shipping Address and Billing Address change. See attached. Does the account ending in XXXX belong to the individual listed on the billing? 
The oddest part during all of this, was I was able to log in to on-line banking even though my email is changed. Oddly, I can still log into on-line banking with my Face-ID. How is this possible if my email address was updated. Shouldnt that trigger a new password and Face-ID to be established for the account? 
Overall, I can not tell what the charges are that occurred on my card and I am responsible for {$1400.00} due to Macys terrible fraud protection controls in place. If I reported the fraud within hours they should have been able to stop transactions in process but more importantly stopped all of the proceeding transactions, email address, shipping address changes from occurring. 
The Macys bill states nothing more than purchases on-line {$1400.00}. A few of the unauthorized items showed up at my doorstep. I carried them to the store and called Macys however, Macys had removed them from on-line banking purchases and no return receipt was included inside the package and had closed /cut up my card. I was told to hold them until the investigation was completed. I received a notice the dispute was complete on XX/XX/XXXX for account XXXX indicating the charges were mine. I called re-stating I had some of the merchandise. They verified that it was the 4 pieces of merchandise that came to my home. They provided shipping labels and I mailed back what showed up here. My credit report was hit indicating I was past due on my payments prior to the investigation being completed. This is not fair because if the individual at the store or the Customer Care Center would have provided the return labels immediately, I could have sent that stuff back sooner. 

I was then told the balance of the account was negative. They sent a check to me for the difference. 3 days later I receive a bill in the mail for the account indicating I owe {$660.00} dollars. ( This is what is noted in the complaint previously submitted and referenced above ). I was told by the rep on XXXX this was being cleared out. 


See attached documents for emails sent from Macys that show changes in email address, shipping address and billing information after the fraud was reported."
2023-06-07 00:00:00,Credit card or prepaid card,"CITIBANK, N.A.",WA,Trying to use the customer chat bot is a joke!! Its ineffective and frustrating. The limitations of its answers are terrible. The answers given are NO help.
2026-04-28 02:27:17,Credit card,TD BANK US HOLDING COMPANY,NJ,"I am disputing unauthorized transactions on my TD Bank credit card account. 

This is not a dispute about account ownership. The account was legitimately opened by me on XX/XX/XXXX. However, the card was lost at a later date, and multiple transactions were made without my authorization after that point. 

Upon discovering these unauthorized charges, I reported the matter to TD Bank and requested an investigation under the Fair Credit Billing Act ( FCBA ). I explicitly stated that I did not authorize, participate in, or benefit from these transactions. 

Despite this, TD Bank failed to conduct a reasonable investigation and instead relied on internal assumptions rather than providing any direct evidence that I authorized the transactions. 

I also formally requested detailed validation of the alleged charges, including : - Proof of authorization for each transaction - Signed receipts or merchant verification - IP/device logs or location data associated with the transactions No such evidence has ever been provided. 

Instead, I only received generic account statements and internal system records, which do not constitute proof of authorization. 

As a result of TD Banks failure to properly investigate and resolve this dispute : - The account was charged off with a balance of {$1600.00} as of XX/XX/XXXX- The account has been reported negatively to credit bureaus - The debt was sent to a third-party collection agency ( XXXX XXXX XXXX XXXX ) After I filed complaints and disputes, the collection agency closed the account and returned it to TD Bank with an identity theft notice. However, TD Bank continues to report this account as valid and delinquent without providing any evidence of authorization. 

This raises serious concerns regarding compliance with : - The Fair Credit Billing Act ( FCBA ) for failure to properly investigate unauthorized transactions - The Fair Credit Reporting Act ( FCRA ), 15 U.S.C. 1681, for continuing to report inaccurate and unverified information I am requesting that TD Bank : 1. Provide direct evidence that I authorized the disputed transactions, or 2. Remove the account and all related negative reporting from my credit file I am not responsible for these charges and will not accept liability for transactions that were not authorized by me."
2023-04-27 00:00:00,Credit card or prepaid card,"EQUIFAX, INC.",GA,"I always paid on time, and this giving me anxiety, I neves miss paying this account, Please update it and remove the Inacccurate late payment on my account and I can't even sleep with this problem, It's hard for me to accept it. I'm begging you to update it ASAP."
2026-03-07 00:00:00,Credit card,"TRANSUNION INTERMEDIATE HOLDINGS, INC.",CA,"I am disputing a 30 day late payment for XX/XX/year> on my XXXX account starting with XXXX reported by TransUnion. 
TransUnion previously verified this as accurate, but my attached XX/XX/year> statement proves otherwise, it shows a payment posted on time, XXXX fees, and no past due amount."
2023-10-01 00:00:00,Credit card,JPMORGAN CHASE & CO.,IL,Chase credit card automatically allows credit card spending to go over the credit limit. I did not sign up for this feature or did I have the ability to utilize the website or all to remove this option. Once I went over the credit limit my account was frozen because I was forced to pay off the debt to unfreeze the account. Essentially this is a marketing deception of zero APR credit cards to allow a credit limit but not allow credit limit protections so when the amount is breached that the credit card declines any purchases that go over the credit limit. Thus when I breached the credit limit that the payment was allowed but it shouldnt have allowed this thus my account was frozen and I was forced to pay debt to unfreeze the account as a conflict of zero APR period credit cards being a fraudulent marketing deception when credit limit protections do not exist on the initial purchases but deceived those that believe that the credit limit is a true limit and that another over the limit should be declined thus a marketing scam when I am forced to pay on zero APR to unfreeze the account when I could have an unfrozen account without needing to pay down any debt immediately as a credit card scam. I was told you can only call in to remove this option and that I could not do so while the account was frozen as they could not unfreeze until the debt was covered above the limit. This essentially creates a cover charge as a hidden fee to zero APR credit cards and should be illegal as a concern for hidden fees and obligation to pay debt down immediately.
2023-07-02 00:00:00,Credit card or prepaid card,"BANK OF AMERICA, NATIONAL ASSOCIATION",GA,"I have a Bank of America credit card. The balance due on the card, the entire charges on the card, was {$25000.00} which was due by XX/XX/2023. I paid this entire amount on XX/XX/2023. But then in XXXX I got a credit card statement that said I owed {$380.00} in interest charges. I had not charged anything else after paying the card off in XXXX. I called the company and asked them why/how they were charging me interest in XXXX after I paid everything that was owed in XXXX, and they said it was accrued interest. Any accrued interest should have been on my XXXX statement. No other credit card I have had has tried to charge additional interest after the balance has been paid in full prior to the due date on the statement. They would not remove the {$380.00} interest charge."
2025-03-11 00:00:00,Credit card,ENCORE CAPITAL GROUP INC.,KY,It shows a XXXX XXXX card for XXXX but I never opened any XXXX  card
2024-02-02 00:00:00,Credit card,"CITIBANK, N.A.",CT,"BILLING ISSUE - Macys Case # XXXX ( 1 ) The TOTAL BALANCE and MINIMUM PAYMENT DUE amounts displayed on my ONLINE statement ( under my online account when you click the Macy 's Credit Card menu option ) are different than the amounts shown on the HARDCOPY statement. This financial and system error has been experienced for months and the financial information displayed is not clear. This could result in payments that are "" short '' and lead to payments that are categorized and reported as "" late '' to the credit bureaus. This results in negative information being reported by the credit bureaus, decrease of credit, denial of credit. This system error and financial reporting should be corrected immediately. This is the reason why the monthly minimum payments I made in XXXX only satisfied the ONLINE minimum payment due and not the HARDCOPY statement ( minimum payment due ). The financial information being displayed could not be validated. 

( 2 ) Please advise which payments in XXXX and XXXX were considered "" late '' or "" delinquent '' by 30 or more days. Kindly let me know which XXXX and XXXX payments were reported to the credit bureau as greater than 30 days late. I have called Macy 's several times since XX/XX/XXXX to be proactive about shipping, billing, and credit issues with my account ; and to also figure out what my actual TOTAL BALANCE and MINIMUM PAYMENT amounts are. However, this information is still unavailable. I routinely get stuck on the phone for hours with your representatives. Most of the time the call gets disconnected and I am forced to call back and regurgitate the same information. I also reached out to their Credit Services and Executive Office teams in XX/XX/XXXX however I have not received resolution. 


My Issues : ( a ) My credit limit was decreased with Macy 's and other creditors ( Best Buy/CITI and Goodyear/CITI credit cards ) because of inaccurate and negative reporting submitted by Macy 's to the credit bureaus for my Macy 's account. The negative reporting submitted by Macys are due to system and customer service issues and not the fault of the customer. Macy 's inaccurately reported both late and delinquent payments in XXXX. 

( b ) My credit account was closed with other creditors, Best Buy/CITI and Goodyear/CITI credit cards, because of inaccurate and negative reporting submitted by Macy 's to the credit bureaus for my Macy 's account. The negative reporting submitted by Macys are due to system and customer service issues and not the fault of the customer. Macy 's inaccurately reported both late and delinquent payments in XXXX. 

( c ) My actual TOTAL BALANCE and MINIMUM MONTHLY PAYMENT amounts could not be validated over the phone or via email by Macy 's staff. 

( d ) In light of all the customer service issues with shipping, billing, credit, and call center conversations please advise if a credit can be applied to my account in the amount of $ XXXX as shown on XXXX 's XXXX statement and my CREDIT LIMIT can be increased back to the normal amount of appx {$6000.00}."
2026-04-22 00:00:00,Credit card,JPMORGAN CHASE & CO.,NY,"On XX/XX/year> I tried to apply for chase sapphire XXXX  card, after seeing I womt be getting welcome bonus offer. And I withdrawn, and In few minutes a account was opened, that wasn't fully not authorized by me, I contacted customer service to consult there marketing team, if a bonus offer could be applied or another option to have hard inquiry and account off my report, and they couldn't do neither, I'm considering to resolve this issue, by there offer to get this account closed and off the with hard inquiry removed or apply the welcome bonus offer so I can continue use the account."
2024-12-01 00:00:00,Credit card,"Paypal Holdings, Inc",CA,"Ordered a perishable food item from a vendor. Item was returned to sender by USPS. Vendor did not include proper delivery instructions for this item and it was a long holiday weekend. 

I never received the item. Tracking information shows the item was returned to vendor. 

PayPal is stating item was received, which is false information."
2024-08-14 00:00:00,Credit card,"BANK OF AMERICA, NATIONAL ASSOCIATION",AZ,I called in to inquire. I paid up my credit card in full however was charged a balance due of {$82.00}. I also can not find my credit card and asked to have another card sent and XXXX hung up on me on XX/XX/XXXX at XXXX XXXX. She said she has 30 seconds to assist me and then hung up. I felt like her shift was ending and she didn't want to assist me and just hung up. It was very unprofessional.
2026-06-06 19:38:25,Credit card,BARCLAYS BANK DELAWARE,TX,"I mailed, via USPS, a valid check number XXXX from my XXXX XXXX XXXXXXXX ( XXXX  ) HELOC account to Barclays for my balance on XX/XX/year> in the amount of {$12000.00}. On approximately XX/XX/XXXX I called Barclays automated customer service system which acknowledged receipt of my valid check and credited my account. I attempted to use my Barclays credit card on XX/XX/XXXX and the transaction was declined. I then contacted a Barclays consumer agent and was informed that my card had been deactivated because my valid check for {$12000.00} had an incorrect routing number and they couldn't process it. The agent said they would do nothing. Barclays is charging me a returned payment fee, in addition to interest on the {$12000.00}, and have since refused to help. On XX/XX/XXXX I met with a XXXX representative in XXXX XXXX, who contacted the XXXX  HELOC department, who issued the checks, and that representative contacted XXXXXXXX XXXX check printing company who verified the check routing number. To further confirm the validity of the check routing number, I had previously mailed check number XXXX in the amount of {$14000.00} to my XXXX credit card account. XXXX processed the check credited my account and it was paid by XXXX Can you assist me in my efforts to get Barclays to credit my account for the {$12000.00}, remove the interest charge for the {$12000.00} and remove the returned payment fee?"
2023-08-19 00:00:00,Credit card or prepaid card,"CITIBANK, N.A.",CA,"Information shared with Citi : I purchased the product on XXXX XXXX The merchant offers a 30-day money back guarantee ( THEY SHARED THIS POLICY WITH YOU. Did you read it? 

I requested the guaranteed refund 8 days after the purchase. 

Yes, they did nag me to stay, but I told them multiple times to cancel and refund. 

My comment : Citi sent me all of the correspondence, but they didn't read it. If they had, they would see that I followed all of the proper procedures to enforce the 30 day money back guarantee."
2024-09-01 00:00:00,Credit card,"CLGF Holdco 1, LLC",FL,"Hello, I was set a letter by the indigo credit card I have. In this letter it states "" To reject this change to your Cardholder Agreement, you must notify us before the change becomes effective. To reject this provision, you must notify us at XXXX or mail a notice within sixty ( 60 ) days from the date of this notice. if you notify us by telephone, you must speak with a live representative and provide your name, address and Account Number. if you notify us by mail, you must include your name, address and Account number and it must be mailed to our servicer at : Concora Credit Inc., Attn : Arbitration Provision, XXXX XXXX XXXX, XXXX, Oregon XXXX. These are the only ways you can reject this Provision. if you reject these changes, the Arbitration of Disputes Provision will continue to apply to your Account as currently in effect. '' So exactly as it states I called the number to reject these new terms being implemented. To my surprised not not only was I not able to reject this but they forced me to close my account. They told me I would have to close the account or accept the new terms. That in of it self i tyranny. I spoke to their supervisor and all I was told is that I would have to cancel the card or accept the new terms. I believe this to be outrageous, as a long term card holder."
2023-04-10 00:00:00,Credit card or prepaid card,DISCOVER BANK,MI,"Discover closed my account without notice. When I finally spoke to someone, I was told to send in verification from my bank and the consent form for the IRS. I sent the information to Discover four times. Discover kept saying they didn't receive my information. I provided everything that was needed. I spoke to several people. I have proof of submission every time I submitted these documents. This is not acceptable, and I would like something to be done about this situation. I've been paying my bill ; I'm not understanding why my credit card had been closed without notice."
2023-07-19 00:00:00,Credit card or prepaid card,JPMORGAN CHASE & CO.,IA,"Hello, I received a bill from Chase Sapphire I tried to reach customer service at the number on the back of the card and the statement the number was XXXX. 

On the call they said they had a special promotional offer today and it transferred me to a XXXX who said she had a free medical device offer. I told her I was looking for chase. 

When I asked her to transfer me to Chase multiple times she did not and continued on with a marketing spiel. 

I called back twice to try to connect with Chase and pay my balance and was not allowed to. I do not know how to pay my statement over the phone because they will not can check connect me to the Chase. 

Please help me rectify so I can pay my balance and opt of out of future marketing promotions."
2025-04-06 00:00:00,Credit card,"Bread Financial Holdings, Inc.",DE,"XX/XX/year>XXXX  I have a late remark on my credit report thats hurting my score XXXX points thats interfering with me buying my first home .I reached out to the company multiple times, Im a current card holder with a excellent payment history."
2023-01-14 00:00:00,Credit card or prepaid card,BARCLAYS BANK DELAWARE,CA,"I received a call from someone claiming to be from XXXX 's card-I had the XXXX Airlines card through them. I XXXX  the number and it came back as legitimate. I was told there were fraudulent charges on my card. I spent XXXX hours on the phone as they contacted companies disputing the charges while I remained on hold. The agent also asked me numerous personal questions, supposedly for id in case of theft. Also they set up travel alerts. I was also informed the card was cancelled and new one was issued. 

I checked the account the following morning and discovered that the account had not been closed and there was another $ XXXX in charges. I called the company and was told the account wasn't closed but the disputed charges from the night before were cancelled along with added on special travel alerts. I asked why I wasn't notified of the charges and why the account had not been closed. I was informed that as long as they didn't accept the charges it was ok!!!. 

Needless to say the standard with XXXX is once they are aware of false charges the account should be closed. The company was negligent in not notifying me and in not closing the account. I wrote a number of letters of complaint to the company and was ignored."
2023-02-02 00:00:00,Credit card or prepaid card,"Bread Financial Holdings, Inc.",NY,"A Balance Transfer Check was issued from XXXX XXXX XXXX XXXX on XX/XX/2023 and received on XX/XX/2023 but not processed until XX/XX/2023. 
presuming this check was lost, stopped Check and and had replacement sent on XX/XX/2023 by XXXX  XXXX tracking # XXXX to Comenity Bank overnight address listed on the back of their bill and received on XX/XX/2023 by a XXXX XXXX at XXXX payment has not been posted yet. I had called on XX/XX/2023 and spoke to a rep who told me it was the payment from fed ex that was posting., she was wrong! I am told by their Reps that paper check payment can take up to 2-4 weeks to post, is that legal? 
I spoke to a Rep XXXX last night who thought it was strange if a payment didn't post within XXXX weeks, WHY would i put a stop on it and consider it LOST. 
I normally send payments electronically and they take 2 business days to post to the credit card, but they are deducted immediately from my checking account, usually its the other way. 
these are bad business practices that need to be investigated, PLEASE. 
I would also like to now is itLLEGAL for them to DELAY POSTING of a PAYMENT and not back date it the date received.."
2023-01-01 00:00:00,Credit card or prepaid card,Payfare International Inc.,CA,"On XXXX XXXX I received an email stating a temporary 24 hour block had been put on my XXXX card. The block was not removed after over 24 hours. Contacted support and they said they could not fix it because the department who could was not in the office. The email stated to call support to have the block removed but did not list specific hours you had to call during. Was told someone would call me. They did not. I called multiple times and was given conflicting information about the appropriate departments hours and was again told no one could help. 
The initial claim of a 24 hour block was a lie and the solution in their email was also a lie. I can not access my earnings and earnings were not deposited ( which per the email should not have been affected ) The company has lied to me and is withholding access to my pay."
2023-08-28 00:00:00,Credit card,JPMORGAN CHASE & CO.,IL,"XX/XX/XXXX Re : Notice of disputed charge to Account I am writing to dispute a charge of {$3100.00} from XXXX XXXX  to my Chase credit card account on XX/XX/XXXX. The charge is in error because I never received the item ordered ( a couch ) and subsequently was told by the seller that I will not be receiving the couch. I attempted to dispute directly with the merchant but they are not reimbursing unsecured creditors. I filed a dispute with Chase, but I cant dispute through the normal channels because the delivery of the couch was estimated XXXX weeks after purchase, but I was subsequently told I would not be receiving the item. 

I ordered the couch on XX/XX/XXXX with estimated delivery of XXXX weeks. I was then told there were delays due to supply chain issues. I then learned ( XX/XX/XXXX ) that XXXX XXXX  was being Assigned for the Benefit of the Creditors ( ABC ), but that our order might still be fulfilled. I later learned ( XX/XX/XXXX ) that the order would not be filled. I contacted the merchant repeatedly and filed a claim with the lawyers for the ABC, with no success. I have exhausted all efforts to resolve this directly with the merchant. 

I subsequently disputed the charge with Chase, but I was denied due to the timeline."
2023-04-26 00:00:00,Credit card or prepaid card,CAPITAL ONE FINANCIAL CORPORATION,GA,"In accordance with the fair credit reporting act XXXX Account # XXXX, has violated my rights. 

15 USC 1681 section 602 states I have the right to privacy.

15 USC 1681 section 604 states A section 2 : It also states a consumer reporting agency can not furnish a account without my written instructions.

15 USC 1666B : A creditor may not treat a payment on a credit card account under an open end consumer credit plan as late for any purpose."
2025-07-25 00:00:00,Credit card,CAPITAL ONE FINANCIAL CORPORATION,GA,"I am filing a formal complaint against Capital One Bank for repeated retaliation, account closures, and unlawful withholding of fundsspecifically tied to my exercise of free speech in XXXX. 

In XXXX, Capital One closed my secured credit card account for non-financial reasons. I maintained the account in good standing with no missed payments, fraud, or violations. The closure was directly related to statements I made, protected under the First Amendment. No valid reason was given other than internal review. 

In XXXX, I opened another secured card with Capital One. They accepted my {$1000.00} security deposit and activated the account. About a week later, they blocked the account, referencing the same speech from XXXX. I had not violated any terms or misused the card. They are now illegally holding my {$1000.00} deposit for two full billing XXXX XXXX balance, no fraud, and no wrongdoing on my part. 

This is a clear act of retaliation, unethical conduct, and an abuse of banking power. It is not only unjustified but also violates consumer protections related to secured credit cards and deposit handling."
2026-02-05 00:00:00,Credit card,SYNCHRONY FINANCIAL,IN,"I need PayPal to restore my account access and correct my balances. My password is not recognized, and I can not log in or reset it due to PayPals account block.

1. Authorized Payments : The only recurring payment I authorize is the XXXX XXXX XXXX installment of {$25.00}, which is scheduled on the XXXX of each month. PayPal must accept this payment from my PayPal Balance, as originally instructed. 
I also authorize acceptance of my parents birthdaygift funds ( XX/XX/XXXX or XXXX ). These funds should be added to my PayPal Balance without restriction.

2. PayPal Balance Correction : My PayPal Balance should be {$160.00} + {$10.00} reversal + my parents birthday gift, not the {$89.00} shown in the attached PayPal Summary.

3. PayPal Credit Card Correction : My PayPal Credit Card should show a {$0.00} balance. I never activated, possessed, or used the physical card. All charges are unauthorized and occurred only after my PayPal Balance was drained without my permission I can not reset my password because PayPal has blocked my account at the system level. The reset process does not work, and PayPal must reset it on their end before I can regain access."
2025-11-28 00:00:00,Credit card,AMERICAN EXPRESS COMPANY,NE,"Ive been a customer with American Express for around XXXX years. I make my payments on time every month, the requirement minimum payment set by them or more, and have paid the card off several times. Ive also had an income increase. Recently I tried to make a purchase and out of nowhere, on XX/XX/XXXX, my payment was declined and I then received an email that my account was under review and my credit limit would be decreased unless I pay them {$1400.00}. My payments were up to date and my next minimum payment of {$150.00} wasnt due until XX/XX/XXXX. I had a balance of {$5700.00} but my credit limit was {$12000.00} So I called. XXXX different people told me I would have to pay the {$1400.00} by XX/XX/XXXX ( XXXX  days ) or my limit would be decreased and the reasons given were because I carried a balance XXXX  they just want to make sure I can make a larger payment. I was upset because that will negatively impact my XXXX XXXX and also it is right at the holidays. I told them I have made at least the minimum required payment set by them and now I am being negatively impacted even though I have been a responsible cardholder with them. They XXXX  not budge. Today, I see that my limit has been decreased to {$6400.00}. They have made it so my credit card is maxed out and this will hurt my credit. I have done nothing wrong financially. Please look into this. This can not be considered ethical."
2026-05-14 04:26:21,Credit card,SYNCHRONY FINANCIAL,,"To Whom It May Concern : I am submitting this complaint regarding inconsistent and potentially unfair credit card payment-hold practices involving large electronic payments withdrawn from verified consumer bank accounts but not promptly restored to available credit.

In my case, I made several large electronic payments from the same checking account I have successfully used for years.

One payment of approximately {$8000.00} was made toward my XXXX XXXX credit card account with an {$11000.00} credit limit. That payment was processed normally and the available credit was restored the following business day. 
However, during the same general timeframe, I made additional large payments involving accounts associated with : Amazon Store Card / Synchrony Bank approximately {$4000.00} XXXX XXXX account approximately {$5000.00} In both cases, the funds were immediately withdrawn from my checking account, yet the available credit was withheld for approximately one week under what representatives described as a verification process.

I contacted customer service multiple times and spoke with supervisors regarding these restrictions. During those calls, I was informed that the payments had been automatically flagged because of the large amounts involved. I was further told that the restriction was computer-generated and that supervisors could not manually override or accelerate the release of the funds despite confirmation that : the money had already been withdrawn from my bank account, the account used had been successfully utilized for years, and there were no allegations of fraud or insufficient funds.

This practice raises serious concerns regarding : temporary deprivation of consumer liquidity, artificial inflation of credit utilization ratios, potential negative impacts on consumer credit scores, and the ability of institutions to retain use or float on consumer funds after payment collection has already occurred.

The inconsistency of treatment is also concerning. One issuer restored credit availability immediately after payment collection, while others imposed extended holds on substantially similar transactions from the same established bank account.

I respectfully request that this matter be reviewed to determine : whether these automated payment-hold practices are reasonable and transparent, whether consumers are being unfairly deprived of access to available credit after cleared payment collection, and whether these institutions financially benefit from retaining consumer funds during these extended verification periods.

I also request clarification regarding : the criteria used to trigger these holds, whether manual review authority actually exists, and whether consumers are properly informed of the potential consequences to credit utilization and account access.

Thank you for your attention to this matter. 
Al XXXX XXXX XXXX XXXX XXXX, Illinois XXXX"
2024-04-25 00:00:00,Credit card,CAPITAL ONE FINANCIAL CORPORATION,NY,they closed my account for who knows what reason.. ok fine whatever then weeks later they removed my online banking access preventing me from viewing my balance and paying my bill via app which is how I normally make my payments.. Going forward I have no reliable way to check my account balance and make payments and I have to call if I remember to make payment ... Today I called and they say im past due XXXX days I received no call.. no statement.. nothing.. Also there was fraduelenct charges on the account that had to be disputed and I got no response on that also.
2025-10-21 00:00:00,Credit card,"CITIBANK, N.A.",MA,"I have been using my Wayfair Citibank card for XXXX months on purchases at Wayfair and outside of Wayfair . They have not been crediting my points outside of Wayfair, I am supposed to be getting rewards on all purchases at different rates, and they keep trying to tell me it's an issue for Wayfair. I have not received rewards since XXXX even though I have been using my card. I have called multiple times and they just keep transferring me to Wayfair. They also charge me for a late fee and interest when my card was paid in full."
2024-08-14 00:00:00,Credit card,"Continental Finance Company, LLC",AL,Just want the company to cancel my CC and stop monthly and annual fees
2025-05-29 00:00:00,Credit card,GOLDMAN SACHS BANK USA,GA,"Dear CFPB Goldman continues to send the same response as it pertains to the reason why the closed my account but have not provided me any paperwork regarding it. I applied for the account and was approved for {$5000.00} and then a month later they closed it stating red flag. I have called Goldman twice and my account was noted and to date there has been no call to date. I have now attached my card statement of the usage of my account and I am requesting that they reply back with what the red flag is? When I called the agent read over the notes and thoroughly went over my account line by line and stated that she saw no red flags and asked did I receive and notification about misuse of my card? I did not receive any kind of notification at all. She noted my account and stated that she would escalate my account again and mentioned that Goldman will do what they want to do and she has seen it personally. 

They have been unable to prove their claim and per page 14 of my Apple card contract I do not meet nor am I in any of the limits as it pertains to account closure from normal use."
2025-09-17 00:00:00,Credit card,FIRST NATIONAL BANK OF OMAHA,DC,"I filed a dispute for the overcharged amount to my credit card. I obviously got a credit card scam by a tax driver, being overcharged {$1600.00} for {$20.00} trip in XXXX XXXX. I submitted all evidences that I have to the bank, including my police report to XXXX police authority, and the evidences that should prove it was overcharged ( my GPS record, typical taxi fare for that distance, etc ). However, my credit card company denied the dispute, saying "" no error has occurred ''. They said unless I can provide the {$20.00} reciept that proves {$1600.00} was overcharged, they can not refund. 

I should not be expected to have the receipt. The taxi driver cheated the amount. This is a fraud case. I should not be expected to have a receipt, because, if they provided it to me, it should have been {$1600.00} which I did not authorize. 

I did not authorize {$1600.00}. I did not even give PNXXXX or my signature to the bill. The taxi driver inserted my card to a device and charged {$1600.00}, while he was showing {$20.00} on the display. I asked the taxi driver a recipt which should have been {$20.00}, but the tax driver said the device did not have a printing function."
2025-08-06 00:00:00,Credit card,"CITIBANK, N.A.",NC,"I opened a Citi XXXX credit card on XXXX XX/XX/year>. 
The advertised promotion promised XXXX ThankYou Points for spending {$4000.00} within 90 days ( deadline XXXX XX/XX/year> ). 
I spent {$2900.00} by XXXX XX/XX/year> and an additional {$1300.00} by XXXX XX/XX/year>, exceeding the requirement 14 days later. 

Attempts to resolve with Citi I phoned Citi on XXXX XX/XX/year> ( case # XXXX ). The agent said the system could not credit the bonus. 
I then used Citis Secure Message Center ( XXXX XX/XX/year> ) and emailed the Executive Response Unit ( XXXX XX/XX/year> ) with my statements attached. 
On XXXX XX/XX/year> the XXXX replied that the promotional terms can not be extended, offering no partial credit or accommodation."
2023-02-21 00:00:00,Credit card or prepaid card,TD BANK US HOLDING COMPANY,TX,"i open an account at XXXX XXXX they are with TD bank, my identity social security was compromised and someone charged on XX/XX/2022 an amount of {$3700.00} i called the credit card and dispute the charge but they want me to paid for something i dont charged. also someone at store stole my social and open accounts in my name, they should investigate more to see who its doing this to me and protect me."
2023-08-12 00:00:00,Credit card or prepaid card,SYNCHRONY FINANCIAL,GA,Synchrony bank ( Belk store card ) reduced my credit limit by 80 % with a XXXX balance on the card causing my credit score to drop significantly without justification. On XX/XX/XXXX synchrony bank caused my score to drop XXXX points because I wouldnt share with them my income. My account has been is great standing for 13 years with a XXXX balance currently.I havent used the card and overpaid them by XXXX. A year ago. I was advised that I can request a credit limit increase back to where it was. 2 days prior once I provided my income to them. This is financial bullying. My income hasnt changed and shouldnt have been an issue on an account in good standing. Once I gave them they immediately increased the limit back. This is abusive of them to cause an impact to my credit score because they want to be nosey. They never informed me that my income was a needed to maintain my higher limit. I have 2 cards with them and have no reason to muse the cards at this time. The last time I used the Belk card was at XXXX and the same income that was provided to them in XX/XX/XXXX is the same that I provided on XX/XX/XXXX. The credit limit reduction is and will cause an impact on my increased score and credit resulting in a negative impact for me and my other credit accounts
2024-07-31 00:00:00,Credit card,SYNCHRONY FINANCIAL,CA,"I have a CareCredit card. They charge me 32.99 % interest and also charging me {$1.00} a month because I don't have a computer at home for auto pay and they refuse to send me a return envelope with my statements. I pay by check always have. Have been for years. 
I am almost XXXX XXXX XXXX and don't have the ability for auto pay, I have asked them to please send me a return envelope with my statement, but they refuse. they said I'm going to be charged because I pay by check. This isn't right. 32.99 % interest is bad enough."
2023-01-17 00:00:00,Credit card or prepaid card,BARCLAYS BANK DELAWARE,NY,"Barclays is asserting a XXXX XXXX XXXXXXXX ( the "" Card '' ) was opened by me, and I am required to pay the outstanding charges. The Card was opened fraudulently ( i.e., not by me ) and the items purchased using the Card were not sent to my home. This point was verified with the business where the purchases were made via the internet ( i.e., Banana RepublicXXXX XXXX via their Research Department ) and was conveyed by me and Banana Republic to a Barclays representative via a conference call. The Card was opened XXXX and Barclays emailed me on XXXX re what it believed was fraudulent activity on the account. I called Barclays that same day to confirm the Card was fraudulent, and the purchases were fraudulent as well. I have been discussing this matter with Barclays for approximately eight ( 8 ) weeks. Barclays conducted their investigation and concluded that the account is mine and I am responsible for the charges. This is despite the facts as stated above. I would note that more than one Barclays representative asserted that the purchases made were indeed delivered to my home, whereas it has been confirmed with XXXX XXXX that the purchases were not delivered to my home but were instead sent to multiple unrelated addresses. I strongly believe that Barclays did not conduct adequate due diligence and I believe this is a bad-actor pattern by Barclays to strongarm/stonewall/impede consumers who have suffered this type of fraudulent activity from resolving these matters efficiently and accurately. I strongly and firmly believe Barclays lack of truthfulness, unwillingness to work with me, and throwing up roadblocks throughout this process is simply Barclays trying to wear-down consumers and recoup losses from consumers who have been victimized in order to mitigate Barclays losses ."
2024-04-18 00:00:00,Credit card,AMERICAN EXPRESS COMPANY,CA,"I am writing to file a complaint against American Express for the unexplained closure of my credit card account, which had a limit of {$1000.00}. At the time of closure, I had recently purchased {$430.00}, and the account had always been paid in full on time, even during financial hardships.

Despite numerous attempts to obtain an explanation from American Express, I was repeatedly denied the opportunity to speak with the underwriter responsible for this decision. The account was closed and sent to collections without any justification provided to me. Furthermore, the debt balance increased to over {$1000.00} post-closure, which had nothing to do with my card usage."
2023-07-05 00:00:00,Credit card or prepaid card,CAPITAL ONE FINANCIAL CORPORATION,WA,"I had a bad stay at an XXXX  vacation rental ( extremely unsafe environment and harassment from the host so we had to leave early ) and asked for refund. They initially ignored my request and so I disputed the charges with my Capital One card. 

After reviewing the case, XXXX agreed I was due a full refund and so issued my refund back to the Capital One card I paid with. Capital One refuses to apply the refund to my account. XXXX confirmed they issued the refunds on XX/XX/XXXX and provided payment codes as proof. Even after providing the payment codes to Capital One, they refuse to apply the {$1700.00} refund back to my card and so have effectively stolen that money from me. I need assistance from the CFPB to get Capital One to apply the money XXXX has given them back to my account instead of stealing it. 

XXXX has been very helpful here. Capital One has NOT. I have filed multiple disputes on the charges to Capital One, and sent multiple correspondences to them that go completely ignored. They return to me generic form letters that do not address my issue at all."
2023-05-07 00:00:00,Credit card or prepaid card,GOLDMAN SACHS BANK USA,CA,"There were a number of fraudulent charges made on my account back in XX/XX/XXXX, totaling around {$1500.00}, I do not remember the exact amount since it has been so long. I reported the charges and opened a dispute, and they started a review and began refunding the fraudulent charges to my card. I think the full amount was credited back to my account but they never completed the review and gave me full report, so I don't know for sure. My card has now been locked for a year and a half, after they initially said the review would take 4-8 weeks. The last balance adjustment I can see on my account happened back in XX/XX/XXXX. I have tried contacting them to get updates on their review several times, probably more than 10 times, over this time period and they have given no updates. Every time I ask them when my review will be completed, they say they have no update, and they will let me know when the review is complete. I have continually asked to have the issue elevated and speak to a manager and file a complaint but they repeatedly say there is nothing else they can do. The attachments are an example of the responses I have gotten every time I reach out to them for an update."
2025-01-28 00:00:00,Credit card,Mercury Financial Intermediate LLC,IL,On Friday XX/XX/XXXX I received a notification that my credit card was being used while I was at work. I replied fraud as soon as I seen the charges and called the company to freeze my account. They said they would do an investigation but ended up still charging me for those charges that I did not make because the chip was used. I had my credit card with me so Im not sure how this would even be possible. These charges are affecting my credit and I dont want to be held accountable for some charges that I did not make.
2024-12-30 00:00:00,Credit card,JPMORGAN CHASE & CO.,NV,"Dear Sir/Madam, I am writing to formally reques wheelers t a refund of my deposit made for a XXXX XXXX XXXX XXXX which I purchased through your financing services. As you are likely aware, XXXX XXXX XXXX has gone bankrupt and is no longer in business. As a result, the vehicle I purchased is no longer supported with software updates, warranties, or service. 
Additionally, the car has several recalls, which can not be addressed due to the company 's shutdown. Given the circumstances, I did not receive the product or services that I paid for, and I believe I am entitled to a refund of the deposit. 
I respectfully request that Chase assist in facilitating the return of the deposit in accordance with the terms of my agreed nt. Please let me know the necessary steps for proceeding with this request. 
Thanks ALL BENEFITS NOT RECEIVED ON CAR Exclusive XXXX XXXX XXXX Owner Benefits : Technology Free vehicle infotainment system upgrades : Every upgrade to your infotainment system including the next generation XXXX chip at a currently estimated worth of {$2900.00} is free for you. We expect this chip to be available in the XXXX half of XXXX. Free OTA upgrades : Additionally, select new features that we can distribute via XXXX are completely complimentary on your XXXX XXXX XXXX during your vehicles life ( contingent on hardware compatibility ). Lifetime Complimentary Premium Wireless Connectivity : Previously 3 years, the service is now extended through the life of your vehicle, and is expected to be upgraded from XXXX to XXXX in XXXX. XXXX hotspot : Your vehicle will be equipped with a hotspot with up to XXXX of free data usage a month, active for a full decade. Early access to new features : Youll be the first to experience new vehicle features, gaining access to them before any other customers. 
XXXX XXXX warranty : Youre getting a XXXX mile global extension to your XXXX basic warranty, extending your coverage through the first XXXX XXXX miles ( whichever occurs first ). XXXX mile service package : Enjoy our service package that covers repairs on select components of your XXXX XXXX XXXX within the first 4 years or XXXX miles ( whichever occurs first ) at no additional cost per the parameters of your service agreement. Free first tire replacement : You will receive a free set of XXXX XXXX XXXX XXXX XXXX XXXX XXXX XXXX XXXX XXXX XXXX for your first tire replacement at a XXXX XXXX XXXX 
XXXX XXXX XXXX XXXX XXXX XXXX XXXX XXXX XXXX XXXX XXXX XXXX XXXX XXXX XXXX XXXX XXXX XXXX  charging stations nationwide through XXXX. 
Access Automatic access to the XXXX XXXX XXXX XXXX XXXX : Stay tuned for details! Plus, more premium exclusives to come : o XXXX XXXX XXXX XXXX XXXX Special events and private test drive opportunities for future vehicle modelsAll these benefits will be available soon along with full details via your Rewards Page below.I would like to take this opportunity to thank you for choosing XXXX. I cant wait to roll out all the exciting enhancements we have planned that will elevate your enjoyment of your XXXX XXXXXXXX XXXX XXXX"
2023-01-14 00:00:00,Credit card or prepaid card,JPMORGAN CHASE & CO.,FL,"I filed a dispute with Chase Sapphire credit card about XXXX XXXX for {$1500.00} on XXXX XXXX, 2022. XXXX was hired to pressure wash, re sand and seal my pool deck. Product washed away after first rain. He agreed to return but after several weeks and calls never did. I had called Chase on a separate issue and the customer service rep asked if I'd like an update on my dispute. She read a detailed letter to XXXX in my favor. After returning from vacation Chase sent me a letter in favor of XXXX. Spoke to supervisor at Chase, XXXX, and was told I could request another review. After researching my case she said there is "" no footprint '' of that conversation and I was out of time to dispute further. I have had this credit card 27 years. Never have I filed an erroneous dispute"
2025-01-15 00:00:00,Credit card,CAPITAL ONE FINANCIAL CORPORATION,UT,"I have a Capital One Platinum card and I got an email saying I had a payment returned that I had made over XXXX weeks previously I made the payment of {$39.00} on XX/XX/XXXX but it hard posted to my bank account on XX/XX/XXXX. 
On XX/XX/XXXX I called them and asked them why they said I had a returned payment and they said that I had requested a stop payment. ( I had not ) so we ( Me and a supervisor ) did a three way call with my bank where by bank confirmed that the money was pulled from my account and I did not place a stop or anything on it. 
They said they had to do an investigation into this matter. fine whatever. 
I check my capital one account yesterday XX/XX/XXXX and it says my account has been restricted. 
I called capital one and they said they are closing my account due to too many returned payments. ( The agent : his name was XXXX. said I had several returned payments ) When I pointed out that I had an investigation going on for this reason XXXX said it was the fact that I had XXXX other return payments. I said okay but XXXX is not several. 
XXXX was extremely rude and kept putting me on hold and refused to help me or clarify what that meant. I asked him if that was in my terms and conditions and did I agree to that? And he said yes and I asked him to show me where and he refused. He said he didn't want to read my terms and conditions to me. When I asked why he said it was because he didn't want to. I just wanted to know where it said that they could close my account for X, Y and Z reasons. He wouldn't, he said he didn't have to do anything to help me and kept putting me on hold hoping I would just hang up. 
How can they close my account for return payments when I have an investigation going and then also refuse to show me my terms and conditions?"
2026-04-20 13:02:30,Credit card,WELLS FARGO & COMPANY,FL,"I am writing XXXX  address an issue regarding an account that appears XXXX  have been opened without my consent. I do not wish XXXX  keep or be responsible for this account Wells Fargo, as I did not authorize its creation. 

Additionally, I acknowledge that there is a balance associated with another card XXXX credit card. I am willing XXXX  take responsibility for that amount which is {$3000.00} XXXX  would like XXXX  arrange a reasonable payment plan XXXX resolve it. However, I am unable XXXX accept the current interest rates XXXX fees being applied, as I believe these charges have resulted from a lack of clear communication. 

For your reference, I have already submitted a claim with Wells Fargo regarding this matter XXXX  have received a response. Instead they keep adding more charge and threatening me XXXX  mark me as delinquent I would appreciate your assistance in reviewing this situation, correcting any unauthorized account activity, XXXX  working with me XXXX  establish fair repayment terms for the legitimate balance. 


Please let me know the next steps XXXX  resolve this matter promptly. 

Thank you for your time XXXX  attention."
2024-01-30 00:00:00,Credit card,"Bread Financial Holdings, Inc.",CA,"I already submitted a complaint in regard to making a payment, I still can not log in to the portal to this day. I keep getting the message that that page does not exist?!?! Im sure theres been a late fee added and as previously mentioned Id like it removed because its complete XXXX that Ive been charged about over {$100.00} in fees because Ive been having the same exact issue since last year with this company. And they do not do anything to help their consumers, theyre such a disgusting and fraud/scam of a company."
2024-02-17 00:00:00,Credit card,AMERICAN EXPRESS COMPANY,NV,"On XX/XX/XXXX, I noticed that there were strange transactions, repeated credits and debits on a card that should have a XXXX balance. I reached out to Hilton Honors Amex, numerous times on XX/XX/XXXX, XX/XX/XXXX and the XXXX, trying to resolve the situation. I was supposed to get a resolution within XXXX weeks. The company has never updated me on this case and it's been months. No one can explain the situation or rectify the situation, just telling me I owe over {$1100.00}."
2025-09-23 00:00:00,Credit card,SYNCHRONY FINANCIAL,FL,"XX/XX/year> - Purchase of XXXX XXXX XXXX XXXX XXXXXXXX on XXXX {$1400.00} XX/XX/year> - Returned defective item to XXXXXXXX XXXX XXXX XXXX XXXXXXXX via XXXX XXXX  ( see attachment ) XX/XX/year> - XXXX delivery confirmed to XXXX XXXXXXXX XXXX XXXX  XXXX  via XXXX tracking history ( see attachment ) XX/XX/year> - Inquiry regarding refund for defective purchase with XXXX XXXX XXXX XXXX XXXX via XXXX messaging center. 
XX/XX/scrub>XXXX XXXX XXXX XXXX XXXX XXXX  XXXX confirmed return receipt of the defective XXXX XXXX XXXX XXXX on XX/XX/year>. 
XX/XX/scrub>XXXX XXXX XXXX XXXX XXXX XXXX XXXX authorized XXXX Synchrony Store Card to issue full refund in the amount of {$1400.00}. 
XX/XX/year> XXXX XXXX XXXX XXXX XXXX XXXX XXXX Synchrony Store Card to issue full refund in the amount of {$1400.00}. 
XX/XX/scrub>XXXX XXXX  Opened dispute XXXX XXXXXXXX with XXXX Synchrony Store Card in the amount of {$1400.00} for a defective item returned to seller and non-receipt of credit fo r {$1400.00}. 
XX/XX/scrub>XXXX XXXX Synchrony Bank Dispute XXXX XXXXXXXX uploaded proof of UPS return delivery to XXXX XXXX Great Price Tech and authorization for XXXX to issue a full refund. 
XX/XX/scrub>XXXX XXXX XXXX XXXX XXXX XXXX XXXXXXXX authorized XXXX Synchrony Store Card to issue full refund in the amount of {$1400.00}. 
XXXX XXXX Uploaded to XXXX  Synchrony Bank proof of UPS return delivery to XXXX XXXX XXXX XXXX XXXX and authorization for XXXX to issue a full refund. 
XXXX - Re-Uploaded to XXXX  Synchrony Bank proof of UPS return delivery to XXXXXXXX XXXX XXXX XXXX XXXX and authorization for XXXX to issue a full refund."
2024-03-04 00:00:00,Credit card,WELLS FARGO & COMPANY,VA,"I OPENED A CREDIT CARD ACCOUNT WITH WELLS FARGO CREDIT CARD SERVICES. 
MY CREDIT WAS PULLED ON XX/XX/XXXX FOR THE APPLICATION. I WAS APPROVED ON XX/XX/XXXX AFTER A LOT OF PROBLEMS THAT WELLS FARGO CAME UP WITH WHICH WERE ALL INACCURATE I USED THE CARD ONCE AND DISCOVERED IT HAD BEEN CLOSED. 
I CALLED CUSTOMER SERVICE AND VISITED THE BANK SEVERAL TIMES. AFTER A LOT OF CALLS, I WAS INFORMED THAT THEY DETERMINED THERE WAS FRAUD ON THE ACCOUNT AND CLOSED IT. 
I SAID THAT I WAS NOT INFORMED ABOUT THE CLOSURE. I COULD NOT GET ANYONE TO SPEAK WITH ME OR PROVIDE ANY ADDITIONAL INFORMATION TO ME. I DID NOT RECEIVE ANY COMMUNICATION FROM WELLS FARGO PRIOR TO THE ACCOUNT BEING CLOSED. 
I WAS LATER INFORMED THAT I COULD RE-APPLY FOR ANOTHER CARD. 
THEY DID NOT CALL, EMAIL OR CONTACT ME PRIOR TO CLOSING THE ACCOUNT. 
I ASKED IF THEY WOULD PULL MY CREDIT AGAIN AND THEY SAID YES. THIS IS VERY CONCERNING TO ME. EVEN IF I DO NOT RE APPLY FOR THAT CARD, BUT APPLY FOR ANOTHER NON-WELLS FARGO CARD, THERE WOULD NEED TO BE A HARD INQUIRY ON MY CREDIT, WHICH IS BAD FOR MY CREDIT. 
WELLS FARGO ACTED EGGREGIOUSLY BY CLOSING THE ACCOUNT WITHOUT ANY COMMUNICATION TO ME, AND BY SO DOING, IS SUBJECTING ME TO TWO HARD INQUIRIES WITHIN 60 DAYS. 
FOR THAT REASON, WELLS NEEDS TO CORRECT THE SITUATION BY EITHER RE-OPENING THE ACCOUNT OR INITIATING A NEW ACCOUNT WITOUT A HARD INQUIRY ON MY CREDIT. 
THE EFFECT OF THEIR EGGREGIOUS ACTION WOULD BE 2 HARD INQUIRIES ON MY CREDIT WITHIN TWO MONTHS. IN EFFECT, THE INITIAL INQUIRY WOULD BE FOR NOTHING. THESE TWO HARD INQUIRIES WITHIN TWO MONTHS, WHICH WOULD BE DETRIMENTAL TO MY CREDIT AND THEREFORE, MUST BE AVOINDED.

I AM SEEKING THAT THEY BE MADE TO WAIVE ANOTHER HARD INQUIRY WHILE THEY REOPEN THE CLOSED ACCOUNT. THEY NEED TO REPAIR THEIR MISTAKE AND NOT MAKE ME TAKE THE FALL FOR THEIR INADEQUATE POLICIES AND HARMFUL BEHAVIOR TO CUSTOMERS. 
THEY NEED TO BE STOPPED"
2023-08-02 00:00:00,Credit card or prepaid card,SYNCHRONY FINANCIAL,FL,care credit through synchronicity was offered to me for XXXX XXXX XXXXXXXX in XXXX XXXX and offered a 12 month 0 interest option ... there needs to be regulation for heath care related loans where the interest rate doesn't balloon to 29 % if the balance isn't paid by the interest free period ... if they're going to get away with this perhaps a 4 % flat interest rate unless the balance divided by XXXX isn't satisfied each month? it seems extremely preditory and would take something like 4 years at their minimum payments to close out.
2025-04-10 00:00:00,Credit card,CAPITAL ONE FINANCIAL CORPORATION,CA,"Capital One is not allowing me to access the point transfer page of their website. Despite numerous calls, their customer service has been no help, and they do not know how to fix their own issue. Many other capital one customers online have described facing similar issues. They have falsely advertised the ability to transfer rewards points, and I would not have signed up for their credit card if I had known of this issue before hand."
2025-02-07 00:00:00,Credit card,CL Holdings LLC,IL,I am writing to formally dispute the unauthorized addition of my name as an authorized user on a credit card account that I never consented to. The details of the account in question are as follows : Account Name : JEFFERSON CAPITAL SYSTEMS Account Number : XXXX Account Holder : Unknown
2025-01-15 00:00:00,Credit card,SYNCHRONY FINANCIAL,SC,Line of credit was closed while in good standing. Rep stated there were too many open accounts in my name.
2024-10-12 00:00:00,Credit card,Alorica Inc.,WA,"I had a credit card account with XXXX. 

XXXX has gone bankrupt and closed. They sold all their debt to SST - Systems & Services Technologies. They closed credit lines and my account simply should have shifted into repayment only. 

My interest rate when the debt was sold was 13.99 %. It is a fixed rate. 

SST is in violation of servicing the debt they purchased, as they increased the interest rate to 19 %. They are in violation of the terms of the account and are gouging assuming they will get away with it and nobody will report them. 

They even say in their "" welcome '' letter that NO TERMS OF YOUR AGREEMENT WITH XXXX HAVE CHANGED."
2026-03-07 17:21:16,Credit card,SYNCHRONY FINANCIAL,TX,"XXXX Synchrony Card is continually as a default item in XXXX, leading to possible inadvertent use by family members. Attempting to remove/ replace the card fails. Every purchase requires replacing the synchrony card, which has been done for months. 

Once there is a balance present, it is very difficult to access the account to check on transaction history, balance, or payments. Mostly the web-based systems fail to login or verify actions -- ( I have taken screenshots and this is a widely-reported issue with their systems ). Strangely other Synchrony accounts work fine ( not XXXX ) using the same devices, connections, and browsers ( all current and widely-used devices/ environments ). 
I made some previous "" blind '' payments in good faith, but the balance continued to grow without my ability to confirm what and where purchases were originating. 

The card went overlimit ( not sure how ), given it's lack of use which leads me to believe a large portion of this is fraudulent in nature. Upon contacting Synchrony by phone led to them reporting that "" I could not access details of the charges '' and that is why "" I can not access the account online. Conversely, they could not provide needed details on the phone. This effectively extorts me to pay for a balance for transactions I can not confirm. 

I will follow up with a formal debt validation letter to seek details, although this process takes time, so the zombie debt will continue to grow."
2026-03-27 00:00:00,Credit card,"BANK OF AMERICA, NATIONAL ASSOCIATION",CA,"Asked for info regarding payment deferral, forbearance, goodwill adjustment, account retention, rate reduction. I told them I DO NOT want a charge off option. Was not given any specific options other than a "" someone will call you back '' and a credit counseling phone number ( which I called already ). I explained I wanted a timely answer as they had already reported me as delinquent to the credit bureaus and that I lost additional funding due to their reporting and that I didn't want additional delinquencies from being reported."
2023-12-17 00:00:00,Credit card,CAPITAL ONE FINANCIAL CORPORATION,HI,"Subject : Unresolved Charges Dispute Regarding XXXX XXXX XXXX Dear Consumer Financial Protection Bureau, I hope this message finds you well. I am writing to bring to your attention an ongoing issue I have encountered with my credit card provider, Capital One, related to a recent rental car transaction with XXXX. 

I utilized XXXX for a rental car service and took the necessary steps to avoid additional charges, including refilling the gas tank and using my personal toll pass. To my dismay, I was billed for both gas and toll fees despite complying with the rental agreement. 

Upon noticing the erroneous charges, I promptly filed a dispute with Capital One, which initially resulted in a refund. However, to my surprise, a subsequent price adjustment led to a reiteration of the charges. Despite providing conclusive evidence of having refilled the gas and utilized my own toll pass, Capital One has been unresponsive and unwilling to address this matter satisfactorily. 

I am seeking your assistance in resolving this issue and ensuring a fair and accurate resolution to the disputed charges. Your intervention in facilitating communication between myself and Capital One would be greatly appreciated. 

Thank you for your attention to this matter, and I trust that the Consumer Financial Protection Bureau will help in rectifying this situation promptly. 

Sincerely, XXXX XXXX XXXX XXXX"
2023-11-29 00:00:00,Credit card,"BANK OF AMERICA, NATIONAL ASSOCIATION",OH,Bank of America illegally withheld rightfully earned rewards on XXXX of the credit cards I have with them. They did not allow me to redeem rewards where the transactions were completed successfully and shown on my statement. Instead bank of American decided that I was a risk and closed my accounts. I have been with them for more than 5 years with the same activity throughout those years. Bank of America not paying rewards to customers who have rightfully earned them is illegal. Bank of America has been penalized before for wrong doings like this and it seems they just keep on repeating said violations. XXXX XXXX XXXX XXXX XXXX XX/XX/2023.
2025-09-02 00:00:00,Credit card,SYNCHRONY FINANCIAL,NY,"On XX/XX/year>, I received an email bill from Synchrony Bank ( Amazon Store Card ) showing a total balance of {$16.00} and a minimum due of {$15.00} with a due date of XX/XX/year>. 

On XX/XX/year>, I called Synchrony Bank customer service at XXXX. I explained that I had not used this card for more than a year, was under the impression that it was closed, and wanted to pay off the balance in full and close the account. I provided my Citi Bank debit card information for this purpose.

However, the Synchrony agent only processed the minimum payment of {$15.00}, not the full balance of {$16.00}, which left a residual balance of {$1.00}. I was not informed that the account remained open with this balance, nor was I told that the account had not been fully closed. 

On XX/XX/year>, I received another email bill showing a balance of {$2.00} ( which appears to be the {$1.00} plus interest/fees ). 

On XX/XX/year>, I received another email showing a balance of {$38.00} due on XX/XX/year>, entirely consisting of late fees and interest. 

I called Synchrony again and was told this was late fees and interest. In order to prevent further penalties, I reluctantly paid the {$38.00}, but I believe these charges are unfair and inappropriate because : I clearly requested to close the account and pay in full on XX/XX/year>. 

The agents failure to process the full payoff directly caused the residual balance. 

I did not receive adequate notice that the card remained open with a small balance. 

The late fees and interest charged ( more than XXXX the original balance ) are excessive and the result of bank error / miscommunication, not consumer fault."
2025-04-16 00:00:00,Credit card,TD BANK US HOLDING COMPANY,MD,This account was settled in full on XX/XX/year>. I do not owe anything more to Target TD Bank. The court documents reflect this information. I also have documentation provided by TD Bank 's collection attorneys that confirm that there is no balance owed. I called Target TD Bank on XX/XX/year> and requested that they update the account information and to report the correction to the credit bureaus. They have not complied with the request and refuse to do so.
2023-12-01 00:00:00,Credit card,WELLS FARGO & COMPANY,OH,"While trying to make a second payment in the month of XXXX by phone the payment wasn't accepted, I tried to make the payment on 3 different days in XXXX, but it continued to be declined. I contacted customer service and they tried to pay it and couldn't. I was eventually told that only one payment can be made in a billing period, however I explained to them that I have made more than one payment numerous times during a billing period, they didn't offer any explanation.

Also I waited for my next billing period and tried to pay {$3000.00} on my credit card and again the payment was declined, the reason given to me is that I can make only the minimum payment which is {$100.00} and once I paid this amount no other payments will be accepted until the next billing cycle. 
Wells Fargo is holding consumers accounts XXXX in order to capitalized on interest rates. 
Regards XXXX XXXX"
2025-05-26 00:00:00,Credit card,CAPITAL ONE FINANCIAL CORPORATION,CA,"I noticed a {$15.00} charge on my credit card from XXXX on XX/XX/XXXX. This company had previously made an unauthorized charge on a different credit card on XX/XX/XXXX. At that time, Capital One immediately credited the amount back to my card and directed me to replace that card with a new one in order to avoid any further unauthorized charges from XXXX. I went through the time-consuming hassle of replacing that card and updating my accounts with my new card. XXXX should have never been allowed to make a charge on a credit card that they do not have on file. Capital One should have never allowed that charge to post as I followed their directives to replace my card. I do not understand why Captial One had allowed charges to be made on my old cancelled card and then transferred those charges onto my new card. I reported the unauthorized charge on XX/XX/XXXX and followed up on XX/XX/XXXX, and Capital One still has not adjusted {$15.00} off my card. They now have a new process of not crediting back unauthorized charges until an investigation has been completed, and the timeline for completion is open ended. This company has instructed their customer service representatives to lie and state that they have not implemented a new process and that this process has always been the norm. This company has stolen {$15.00} from me."
2025-09-04 00:00:00,Credit card,WELLS FARGO & COMPANY,NY,"On XX/XX/XXXX I requested a balance transfer from my XXXX XXXX XXXX  over to a Wells Fargo credit card. The balance transfer was accepted and the funds were transferred HOWEVER I accidentally typed in the incorrect credit card number and it went unnoticed at the time of the request. Typing in this incorrect number wrongly gave me someone elses debt. So instead of money transferring, money was added ONTO my credit. On XX/XX/XXXX, {$2400.00} ( plus the {$120.00} balance transfer fee ) was transferred into the Wells Fargo account but they WERE NOT removed from my XXXX account. I made calls to chase and they explained this would have to be handled by Wells Fargo since technically the funds did not come out of my XXXX account. I made multiple calls to Wells Fargo that went no where and I had XXXX cases about this issue that were closed because Wells Fargo could no longer assist me. They told me the funds came from XXXXXXXX XXXX but XXXXXXXX XXXX  was unable to locate these funds. I provided them with a trace number and the account number that I accidentally typed in ( Wells Fargo was able to give me the number I typed in ) and after giving XXXXXXXX XXXX this information they still could not help me. Today XXXX ( 6 months after the transfer was processed ) Wells Fargo, XXXXXXXX XXXX  and I had a XXXX way call that went absolutely no where and Wells Fargo told me they would no longer help me and it was my responsibility to pay this {$2400.00} ( + {$120.00} = {$2500.00} ) that was not even my debt to begin with. I will NOT be paying this money since it was not my money to begin with and it needs to be removed from my credit IMMEDIATELY. I am looking for assistance ASAP as both of these banks ( Wells Fargo and XXXXXXXX XXXX  ) are extremely shady and added money onto my debt that was not mine to begin with. If someone can please contact me about this I would highly appreciate it. AS OF TODAY XX/XX/XXXX I received an email stating ONCE AGAIN that Wells Fargo closed my case because they can not get ahold of XXXX XXXX and they expect ME to somehow get a hold of them. Wells Fargo basically is telling me I am in my own. Wells Fargo is extremely shady and I will not stop submitting one of these until my case is solved and the funds are reversed since it was not my debt to begin with."
2023-07-16 00:00:00,Credit card or prepaid card,"Payactiv, Inc.",ID,So I got a job in XXXX Idaho employers name is XXXX XXXX  long story short I never received pay and still havent received pay from my work. Apparently all my earnings were put on a prepaid card that I have never been able to access that I was never physically given a card I have called at least XXXX times trying to get my money ending up going nowhere each time except for the last time a gentleman told me that they would be able to send it to XXXX and I could pick it up that someone would be calling me within the next days this was on XXXX XXXX I spoke with Payactiv customer representative I believe I started XXXX sometime in XXXX of this year 2023
2025-06-22 00:00:00,Credit card,"Bread Financial Holdings, Inc.",GA,"In XX/XX/XXXX, I used the XXXX store credit card ( issued by Comenity Capital Bank ) account number XXXX to make a {$10000.00} jewelry purchase under a XXXX deferred interest promotional plan. I understood that if I made monthly payments and paid off the balance within 12 months, I would not be charged interest. 

By the end of XX/XX/XXXX, I had reduced the balance to {$6500.00} through on-time monthly payments. According to my XX/XX/XXXX statement, I paid an additional {$3000.00} on XX/XX/XXXX, bringing the balance to {$6400.00}. That same statement shows I have been charged over {$4000.00} in interest year-to-date, including {$220.00} for the XXXX billing cycle alone, and that my original promotional plan has expired. It also states that {$6400.00} is now accruing interest at a higher XXXX, currently 29.99 %. 

What I was not clearly informed about is that the promotional 0 % interest was deferred interest meaning if I did not pay the entire balance by XX/XX/XXXX ( the plan 's expiration ), I would be charged retroactive interest from day XXXX on the full purchase amount. I assumed that interest would only apply going forward to the unpaid balance, not retroactively to the full purchase amount. 

In the first week of XX/XX/XXXX, I made XXXX separate phone calls to customer service asking for clarification : I asked why such a large amount of interest was charged. 

I asked how the interest was calculated and why it applied to the full purchase. 

I requested a waiver or reduction of the charge as a goodwill courtesy, considering my history of timely payments. 

I was told the interest was valid and there was nothing they could do. However, I feel this interest policy was not clearly disclosed or explained at the time of the purchase, and that charging interest retroactively is predatory and misleading for consumers who believed they were making progress on the debt as long as payments were made on time. 

I am kindly requesting that the {$3800.00} in interest ( or part of it ) be waived or reduced, or that I be given an option to repay the balance under a fairer interest rate structure. I have made payments in good faith and tried to resolve this directly before filing this complaint."
2023-05-31 00:00:00,Credit card or prepaid card,CAPITAL ONE FINANCIAL CORPORATION,NY,"On Wednesday, XX/XX/XXXX my wallet was stolen in it were several cards, cash, miscellaneous recipts, membership cards. The person ( S ) who stole the wallet used the Capital One card at the XXXX XXXX XXXX location aroun XXXX EST, when I called Capital One they confirmed it was used ; and the charges showed up on XX/XX/XXXX. The capital one representative I spoke to told me they would be disputing the claim and will issue a new card ( Call 1 ~15 minutes ). 

On the card there were five charges totaling {$5100.00} on XX/XX/XXXX on the card ending XXXX. Detail of the amounts below XXXX  ) {$1400.00}. XXXX 2 ) {$650.00} XXXX ) {$1300.00} XXXX ) {$1400.00} XXXX ) {$280.00} It appears the reversal was done on the card ending with XXXX it appeared on my account individually for five transaction on XX/XX/XXXX. 

On XX/XX/XXXX, the amount was reversed of {$5.00}, XXXX then another {$5100.00} appeared on XX/XX/XXXX ; so the disputed amount now {$10.00}, XXXX across 10 amounts now because it was doubled for two. I contacted Capital One ( Call 2~15 minutes ) on XX/XX/XXXX and the representative indicated they would reverse it, I saw the reversal was applied for only 9 transactions. I still had a missing amount of {$1.00}, XXXX that did not get reversed. I contacted Capital One again on XX/XX/XXXX or XXXX ( Call 3 ~30 minutes spoke to supervisor ), they indicated they would reverse it and the reversal appeared on my account on XX/XX/XXXX. I see a charge back on my account on XX/XX/XXXX. I contact Capital One on XX/XX/XXXX ( Call 4 ~1. 5 hours spoke to 4 representatives ) told them of the issue nothing was resolved, the representative said they sent it to Fraud department for investigation. Contacted Capital One latter on that evening ( Call 5 ~45 minutes ), the representative stated they see the issues and would follow up, they were a supervisor and said they see the issue. 

On XX/XX/XXXX I see the amount of {$1400.00} was removed and added back to my account. This has to be esclated upwards I have not received resolve to my issue lingering on my account. Perhaps some government intervention will help. Its been over a month, it is clear to me Capital One specialists and systems are not equipped to handle a simple issue."
2023-07-28 00:00:00,Credit card or prepaid card,"CITIBANK, N.A.",GA,"1. Payment due dates are changed every month without any previous notice to create "" got-ya '' moment with intent to fradulently charge fees and interest. Example : the statement with billing period ( a ) XX/XX/23 to XX/XX/23 had a payment due date of XX/XX/23, ( b ) XX/XX/23 to XX/XX/23 had a payment due date of XX/XX/23. 

2. For billing period XX/XX/23 to XX/XX/23, we were prompted to pay "" Remaining Statement Balance, '' and we paid the remaining statement balance {$1100.00} way before the due date. We had statement credits from rewards points and other past payments. 

3. For billing period XX/XX/23 to XX/XX/23, we were chared {$17.00} in interest- even after paying the full "" Remaining Statement Balance '' as prompted. 

4. There was absolute no basis for the $ XXXX rather XXXX XXXX should have given us interest for having credit balance. This is fraud and deception. 

5. We contacted Citi 's Customer Service- they admitted the problem- and informed us that the "" System '' is not allowing them to refund the money. When we requested to cancel our credit cards- he told me that system does not allow him to cancel the credit card."
2025-03-04 00:00:00,Credit card,"CITIBANK, N.A.",TN,"I have a XXXX XXXX store card. In XX/XX/XXXX, I used a promo to finance a fence on my property. The total charge was about XXXX, and I signed an agreement of XXXX interest that would not accrue until after 24 months. 

By XX/XX/XXXX, the remaining balance was XXXX and XXXX Bank added a transaction of XXXX for interest. From a sheer math standpoint, that number makes no sense even if I had agreed to interest accruing from the beginning which I did not. 

I asked for the contract and the employees say they do not have it and are not required to keep such documents. I disputed the entirety of my statement and demand proof of it. 

I also called and spoke with a representative and a supervisor ( who laughed and hung up on me ) and while they agreed to extend the time 60 days, they will not remove the interest in the meantime. I will not make a payment until that interest is removed as I do not agree that I owe the interest and I will take no step that might be construed as agreeing to the debt."
2023-11-02 00:00:00,Credit card,AMERICAN EXPRESS COMPANY,MS,"In XX/XX/XXXX, my ex-wife filed for a divorce. That has created many financial hardships. I have either made good or made payment arrangements with every debt that I owe, including two other credit card companies. On XX/XX/XXXX, my balance was {$11000.00} I was presented with a payment relief option to handle my past due American Express account. This option stopped late fees and dropped the interest to the point that after making XXXX payments of {$71.00} my balance would be paid in full. I set up auto payments set for every Wednesday in the amount of {$71.00} for the next XXXX weeks. I have the email from American Express with the payments scheduled out over the next XXXX weeks. Between XX/XX/XXXX and XX/XX/XXXX there were a total of six payments made. On XX/XX/XXXX I checked my statement and discovered that between XX/XX/XXXX, when I signed up for the payment relief and XX/XX/XXXX my six payments totaled {$420.00}, but during the same time period I had been charged two late fees for {$40.00} each and interest charges of {$560.00} totaling {$640.00} so on the six payments, instead of balance going down it actually went up by {$210.00}. I reached out to American Express on XX/XX/XXXX and XX/XX/XXXX because I figured there must have been a mistake. After talking to various people, it became obvious that American Express was not going to honor the terms of our agreement. They kept saying I had not signed up for a payment plan. I tried to explain I had an email titled "" Payment plan confirmation notice '' and included language like : "" Once your balance is paid in full, any remaining scheduled payments will be cancelled. Other than communication regarding your payment plan, no further attempts will be made to collect the remaining balance while you are making payments in accordance with the terms listed above. '' I explained multiple times I wanted to make good on my debts but I wanted them to honor our agreement and they continued to tell me that we had no agreement. At that time I canceled making any future payments."
2025-07-23 00:00:00,Credit card,GOLDMAN SACHS BANK USA,NH,"I have an Apple Card through Goldman, and when I opened the account it was {$4000.00} for the credit line, it was later increased to {$7000.00}. When i checked the info on the card yesterday, I saw the y had DECREASED it to {$1400.00}. 

I contacted the chat/text message support and they informed me the decision was made during a "" routine servicing of the account '' which apparently includes peaking ay my credit. 

Yes, I am currently undergoing some extreme medical issues that have impacted my credit, but there is XXXX issue or involvement there with this account. 

I do not remember agreeing to allow them to decrease it at their leisure, based on looking at my credit whenever they want, which I was also not aware they were allowed to do. 

I have never had any issues with payment history or balances with this card. It is monstrous and unfair that they have now given me a credit line that will put that account at nearly 100 % ( as balance is roughly {$1300.00} and now the line is {$1400.00} ) of its line, which will now only make my credit worse. 

I feel like im being punished by unrelated businesses and banks due to hardships out of my control."
2025-12-25 00:00:00,Credit card,U.S. BANCORP,PA,"Product : U.S. Bank Smartly credit card ending in XXXX, and related accounts Checking ending in XXXX and Savings ending in XXXX Company : U.S. Bank Issue Type : Credit card rewards/ misleading terms/ incorrect information from representatives Attachments : XXXX. U.S. Bank letter announcing the program change, with my notes from calls on XX/XX/XXXX and XX/XX/XXXX XXXX. XXXX showing the reduced rewards value from the XX/XX/XXXX credit card statement Complaint Narrative In XX/XX/XXXX, I applied for and opened a U.S. Bank credit card that was advertised as offering 4 % cash back, contingent on meeting certain relationship requirements. To qualify, I was required to : Open a U.S. Bank investment account and maintain a balance of {$100000.00} Open and maintain both a checking and savings account I met all of these requirements in reliance on the advertised terms and did, in fact, receive the 4 % cash back for several months. 

Several months later, U.S. Bank sent a letter announcing a change to the qualification requirements effective XX/XX/XXXX, stating that the investment account balance would no longer qualify and that instead a {$10000.00} checking account balance would be required. I contacted U.S. Bank customer service initially on XX/XX/XXXX and again on XX/XX/XXXX and spoke with a representative named XXXX ( call confirmation # XXXX ). I was explicitly told that I was not affected by this change due to when I opened the account ( XX/XX/XXXX ), I was effectively grandfathered, and that I would definitely continue to receive the 4 % cash back. She also stated that only cards opened after XX/XX/XXXX were affected by this change, and not to worry, I would continue to receive the 4 % cash back. 

This information later turned out to be incorrect. I subsequently learned that I was affected by the change and that my rewards rate was reduced to 2 %. 

Due to this misleading and incorrect information, as well as the retroactive change to the program, I closed my U.S. Bank checking and savings accounts in XX/XX/XXXX and began transferring my investment assets out of U.S. Bank. 

When my most recent credit card billing cycle closed, I attempted to redeem XXXX rewards points as a statement credit, expecting a value of {$35.00}, consistent with the advertised cash back. However, the redemption interface showed the points were worth only {$26.00}, representing a materially lower value. 

I immediately contacted U.S. Bank customer service and spoke with a representative named XXXX on XX/XX/XXXX ( call confirmation # XXXX ). Neither the representative nor I could locate any disclosure in the cards terms and conditions stating that redeeming rewards as a statement credit would result in a reduced value. The representative confirmed that he could not find any such disclosure either and stated that he would submit a request for a supervisor to follow up with me. 

Given the effort involved in setting up multiple accounts and transferring substantial funds to qualify for the original offer, this undisclosed reduction in rewards value appears to be yet another material change that was not clearly communicated. At that point, I believed it was appropriate to submit a complaint. 

This series of events raises serious concerns, including : Material changes to program eligibility after I met the original requirements Repeated provision of incorrect information by U.S. Bank representatives Lack of clear disclosure that cash back rewards are worth significantly less when redeemed as a statement credit Consumer reliance involving large financial balances and account openings At no point was I clearly informed that redeeming rewards as a statement credit would result in a reduced value, nor was this limitation discoverable in the terms when I reviewed them."
2024-08-07 00:00:00,Credit card,TD BANK US HOLDING COMPANY,AR,Something happened to my account after they changed the website for account access. My password won't work now. I'm unable to reset it. I can't get help from anyone. They are not replying me. They called but I didn't understand what they were saying. I tried calling back but I can't get a live Agent. I need access to my account so I can make payments and check my balance.
2024-03-04 00:00:00,Credit card,SYNCHRONY FINANCIAL,NC,"I opened a care credit account, backed by Synchrony Bank, in XXXX when my cat had to have emergency vet treatment. My opening credit limit was {$800.00}. I have worked hard to pay down this account and paid it down to {$460.00} hoping that having this account not be at my max credit limit would help my credit report as I now pay down the other credit cards that were used. 
In XXXX of XXXX at my lowest amount used if {$460.00} out of {$800.00} Care credit/Synchroney bank lowered my credit limit to {$550.00}. Putting me right back in the 90 % of credit used category. 
This is a predatory practice that keeps the consumer in a constant state of negative reporting. As you pay down the account the limit shouldnt also go down with your balance. How are consumers supposed to ever improve their credit and buying power?"
2025-01-26 00:00:00,Credit card,"CITIBANK, N.A.",TX,"On XX/XX/XXXX for XXXX I was staying in XXXXXXXX XXXX  at my family house. I went to the local XXXX at XXXX XXXX XXXX XXXX XXXX XXXX XXXXXXXX and made a {$64.00} purchase upgrading some headphones. 

I live in an apartment in XXXXXXXX XXXX  for work ( XXXX XXXX XXXXXXXX XXXX XXXX XXXXXXXX ). The day of the unauthorized charges I was here and at work ( XXXX XXXX XXXX XXXX XXXXXXXX XXXX XXXX XXXXXXXX ). 

XXXX week later on XX/XX/XXXX I receive an email and text asking about an unauthorized charge for {$570.00} at XXXX, as well as a {$2700.00} charge. I selected unauthorized and received a phone call from Citi bank fraud department. They opened a case and my charges were temporarily reversed. 

My account shows only XXXX of the purchases, and it was for a full loaded XXXX, purchased IN STORE at the XXXX location I was at XXXX week prior. I was not physically in town and could not have possibly made the purchase. The XXXX credit card is linked to my account, so I am assuming that is how I was able to get the digital receipt. 

CitiBank XXXX weeks later sent me a letter saying my charges were authorized and that I was responsible for payments. This was during XXXX, and I was back in XXXX to visit family. So I physically went to the XXXX location and spoke to the store XXXX / employee about pulling the cameras and getting information. They said this is a case between CitiBank and myself, that they don't have authority to release footage, but wanted to help me if possible. I have their contacts as witnesses if we need to hear it from employees at the store. 

I have since reopened the case with CitiBank according to the rep, but have yet to hear anything back. I am concerned this is going to ruin my credit and am now reaching out to the CFPB in hopes to help dispute this case. 

Please call me for any information needed, I would like to get this resolved ASAP. Thank you!"
2023-12-02 00:00:00,Credit card,"CITIBANK, N.A.",AL,"On XX/XX/2023 I realized my credit limit was reduced from { {$12000.00} } to { {$6800.00} }. The result is a substantial injury to me by interrupting commerce and causing harm to my livelihood as I am the original creditor to this agreement as consumer credit was utilized and extended to open this account. In accordance with the FDIC Laws and Regulations, I assert there has been a Violation of TILA, FCRA, ECOA, CCPA. - Violation 15 USC 1637 ( I ) ( 2 ) In the case of any credit card account under an open-end consumer credit plan, a creditor shall provide a written notice of any significant change, as determined by rule of the XXXX, XXXX the creditor and the obligor, not later than 45 days prior to the effective date of the change. - Violation 1031 ( a ) and 1036 ( a ) ( 1 ) ( B ) of the CFPA An act or practice is unfair when it causes or is likely to cause substantial injury to a consumer which can not be reasonably avoided - 15 USC 1681 ( D ) ( 6 ) a denial or revocation of credit, a change in the terms of an existing credit arrangement, or a refusal to grant credit in substantially the amount or on substantially the terms requested, shall be disclosed to consumers Within thirty days prior to making changes. The harm associated with the actions by Citibank include a XXXX decrease in credit score, denial of funding for my business ( livelihood ) which limited the ability to maintain critical business continuity."
2023-11-16 00:00:00,Credit card,JPMORGAN CHASE & CO.,UT,"On XX/XX/XXXX I reported a fraudulent charge on my cc by XXXX XXXX. This company patched into a call I made to XXXX XXXX when I was "" on hold '' with XXXX and he represented himself as a XXXX reservations person. He lied and told me that the price had increased since I had made my reservation earlier that day. Later that day, I learned from XXXX that this was a lie. I notified Chase cc fraud dept. Chase credited back the charge on my statement. Chase advised me to close my cc account and get a new card in order to prevent any authorized charges. I considered the matter resolved. Two months later, a charge, NOT authorized by me, appeared on my new cc card statement. It was for the same amount that the XXXX XXXX fraudster had put on my account two months earlier. I called Chase Fraud Dept. They said I could re-open my complaint. I sent Chase documentation showing that I had made the original reservation and that XXXX had sent the original charge to my Chase Credit Card. The charge from XXXX XXXX was not removed from my next statement. Chase told me that the amount of time to settle a dispute had expired. I believe that it was unethical, even illegal, to charge my new credit card with the original disputed amount that I did not authorize a second time. Also Chase paid no attention to the fact that the Fraudster misrepresented himself and lied to me. Chase claims that I agreed to the charge so I must pay it. I say that Fraud is when someone misrepresents himself and lies to me in order to get money from me, that this is a classic example of Fraud. This claim is mostly about Chase placing a fraudulent charge on my new cc. It violated what it said would be protection for me."
2024-01-25 00:00:00,Credit card,WELLS FARGO & COMPANY,GA,"I did a balance transfer and no fee or no interest for a year and a half balance transfer. However, it is a credit card I used a credit card six more times to purchase incidentals now according to the customer service I must pay interest on everything I have accumulated probably {$43.00} in fees in the last XXXX months or interest, even though I paid my incidental charges off plus additional money to lower the balance"
2023-05-25 00:00:00,Credit card or prepaid card,GOLDMAN SACHS BANK USA,TX,"A fraud charge for {$1500.00} appeared on my account from XX/XX/2022, from a company called XXXX XXXX. 

I did not make this purchase and have never heard of XXXX XXXX. 

I have disputed this charge 5 times now and it has been resolved out of my favor each time. 

XXXX XXXX doesnt appear to even be a real company in XXXX XXXX XXXX where Apple told me the purchase was made ), let alone a company I could purchase anything from. 

I have also asked at least 5 times to see the evidence that Apple/Goldman Sachs used in their investigation and have not received it any of those times."
2023-12-09 00:00:00,Credit card,CAPITAL ONE FINANCIAL CORPORATION,TN,"Subject : Urgent Request for Assistance : Unjust Closure of Capital One Credit Card Account Affecting Credit and Home Purchase Dear Consumer Financial Protection Bureau, I trust this message finds you well. I am writing to bring to your attention a critical matter involving the abrupt closure of my Capital One credit card account due to two returned payments. I am deeply concerned about the impact this incident may have on my credit profile and my ability to pursue a home purchase. 

At the age of XXXX, I am earnestly working towards building a secure financial foundation, and the unforeseen closure of my credit card account has presented significant challenges. I believe that the consequences, particularly at this early stage of my financial journey, may be unduly harsh. 

I seek your intervention to investigate this matter and request that Capital One reevaluates the decision, considering the potential ramifications on my creditworthiness and the defamation of character implications. My primary goal is to rectify this situation without any lasting impact on my credit record. 

Enclosed with this letter are pertinent documents, including account statements and related communication with Capital One, to provide a comprehensive understanding of the situation. 

I sincerely appreciate your prompt attention to this matter and kindly request your assistance in ensuring a fair resolution that does not adversely affect my credit standing. 

Thank you for your consideration."
2023-05-15 00:00:00,Credit card or prepaid card,"Block, Inc.",GA,"Contacted cash app numerous times for issue with no assistance in understanding or resolving the missing XXXX from my direct deposit on XXXX XXXX from XXXX. My job direct deposited my pay. Cash app after my call to them states they took the funds after a technical error that was not reported to me, or on the website. Nobody knows of this error, I cant see the transactions as the agent states to me, on my app, or on my monthly statements, as it isnt something that they can correct? No notification or communication, just took XXXX after these transactions were paid to the company, someone changed the amounts, and months later take my funds I desperately needed to move."
2026-04-07 00:00:00,Credit card,CAPITAL ONE FINANCIAL CORPORATION,NY,"I am filing a complaint regarding a Capital One account that was closed and marked as fraudulent. 

At the time, I made payments using a prepaid card, which resulted in returned payments. This was due to a misunderstanding of acceptable payment methods, not intentional fraud. 

I have attempted to resolve this directly with Capital One but have been unable to reach anyone who can properly review the situation. 

I am requesting a formal review of the fraud designation and the opportunity to resolve the account and restore my standing. 

This issue is significantly impacting my ability to access credit."
2023-01-22 00:00:00,Credit card or prepaid card,JPMORGAN CHASE & CO.,WV,"Hello. I have a Chase Bank Marriot XXXX Credit Card ; last 4 digits XXXX. I have had this account for 20 years. Even though my credit is above average and I pay my balance monthly, Chase Bank keeps raising my credit limit after I tell them not to. Most recently, today ; XX/XX/XXXX. I only want a {$5000.00} limit, but thenyalways raise it to {$10000.00} without my permission. I have asked them to stop several times, but they continue to ignore my requests. With all the cyber stealing happening, I do not want to be a victim, or at least limit it. Make Chase Bank stop this practice!"
2026-03-12 00:00:00,Credit card,"Bread Financial Holdings, Inc.",MI,"I am demanding a full investigation. This company is claiming that I opened a credit card with them, which I have never had a credit card with them ever! I have asked for a purchasers agreement or documentation regarding the card, which they have not provided to me. I have tried getting this resolved for years now!"
2023-08-21 00:00:00,Credit card or prepaid card,"CITIBANK, N.A.",MO,"To Sir/Madam I am writing to file a formal complaint against Best Buy, specifically the XXXX Store XXXX XXXX XXXX XXXX XXXX, XXXX XXXX XXXX MO. My complaint pertains to what I believe are misleading and deceptive marketing practices surrounding a recent promotion involving the Best Buy credit card and cashback rewards. 

As a recent transplant to XXXX XXXX from California, my husband and I visited the aforementioned Best Buy store to make substantial purchases, exceeding {$4000.00} in value. During our in-store experience, a store associate informed us that by opening a Best Buy credit card account, we would be entitled to a 10 % cashback reward, called "" rewards certificate, '' intended for new users. This reward, we were explicitly told, could be directly applied to reduce the balance on the credit card account. 

Given that I already hold credit cards with established cash back programs, including my XXXX XXXX, I was specifically interested in the Best Buy credit card for its promised 10 % cashback benefit. I went to great lengths to confirm with the associate that the cashback reward would indeed serve to reduce the credit card balance and not merely be applicable to future purchases. On each occasion, the associate assured me that the reward would indeed offset the credit card balance. 

In light of these assurances, I proceeded to open a Best Buy credit card account with an approved credit limit of {$4000.00}. Before finalizing my in-store purchases using the newly acquired credit card, I reiterated my understanding of the rewards with the associate. Once more, I was assured that the 10 % reward would effectively lower my outstanding balance by 10 %, resulting in a payment of {$3600.00}. 

However, upon receiving my Best Buy credit card statement, I discovered on the credit card website that I had been credited only {$360.00} in the form of "" rewards certificates '' and an additional XXXX points. This sum fell {$40.00} short of the initially promised reward amount. To compound the issue, my attempts to utilize these rewards to make a credit card payment were met with technical difficulties. 

Subsequent endeavors to address these concerns with the Best Buy customer service department proved exasperating. My initial phone call was prematurely disconnected ( Attachment No. 1 ), and an online chat with an agent was terminated abruptly upon my mention of escalating the matter to the Consumer Financial Protection Bureau ( Attachment No. 2 ). 

As a licensed attorney in California and a conscientious consumer, I am deeply troubled by such dubious marketing practices, which appear to be perpetuated by several companies in the industry. It is disheartening to witness that these practices persist despite my diligent efforts to seek clarity and confirmation prior to committing to the credit card account. 

While I regret that I can not recall the name of the store associate who provided me with the information, I can attest to her indication that she was pursuing her PhD at a XXXX XXXX university. I am prepared to engage with her in person regarding our conversation if it XXXX in the investigation of my claim. 

In light of the aforementioned circumstances, I am submitting a formal request for Best Buy to rectify this situation by disbursing the rewards as initially promised, in the form of a {$400.00} cashback. This sum should be applied directly to my existing credit card statement balance of {$4000.00}. I explicitly decline any alternative rewards, such as "" rewards certificates, '' which are exclusively valid for future purchases. 

I appreciate your immediate attention to this matter and your commitment to addressing these concerns in a timely manner. For any further communication, please contact me at XXXX or XXXX. 

Thank you for your assistance and understanding as we endeavor to address and rectify this issue. 

Sincerely, XXXX XXXX"
2025-11-17 00:00:00,Credit card,GOLDMAN SACHS BANK USA,TX,"I returned an XXXX that was financed through Apple Card Monthly Installments ( XXXX ). I had paid the entire balance of the phone off ( ~ {$1400.00} ). Once returned, the refund created a large positive balance on my Apple Card. Since then, the account has been stuck in a loop where I can not transfer the positive balance back to my bank, and I also can not make an early payment on my new XXXX loan.

I have contacted Apple Card/Goldman Sachs support multiple times, spending hours on calls, including three supervisors. Two supervisors told me they manually processed a transfer to my bank and confirmed it was in process and I would have the funds returned. Days later, I was informed the transfers were actually declined with no explanation. No one can clearly explain what is blocking the transfer or why I am prevented from paying down my installment.

I have been told different and contradictory information each time I call. I still can not transfer my positive balance back to my bank account or pay off the installment loan. I have requested that this issue be escalated and that Goldman Sachs :
( 1 ) explain what internal lock or restriction is preventing payments and transfers, and ( 2 ) release the funds and restore normal payment functionality.

This situation has been ongoing despite multiple attempts to resolve it and hours on the phone with three separate supervisors. The company has not provided a clear explanation or solution to pay off my phone balance. They
have stalled and led me with false pretenses so that I am no longer within the return period. They currently have over {$1100.00} of mine that I can not use to pay off the phone or transfer to my bank.

Goldman Sachs retains all related calls and internal information, which will support this claim. Today is XX/XX/year>. I first called about this issue three weeks ago."
2026-01-13 00:00:00,Credit card,SYNCHRONY FINANCIAL,CA,"I was told by XXXX  and/or SYNCB that I went to Walgreens on a specific date and applied for a credit card, when in fact I did not. I had been to Walgreens around that time but it was not the date they gave and I did not apply for a credit card. I did not give anyone authorization or permission to run my credit or to submit a hard inquiry on my credit report. I have been trying to get this situation rectified with XXXX  and the credit card company SYNCB connected to Walgreens but from XX/XX/year> up until now, it is still on my credit."
2024-09-07 00:00:00,Credit card,FIRST PORTFOLIO SERVICING INC,IN,tried to use my Revvi credit card to pay bills and cant use it because they want to place a lock on it my credit limit is {$300.00} my balance is {$130.00} said i they have to check paperwork to unlock it. I checked with the XXXX XXXX COMPLAINTS AGAINST THIS COMPANY phone number is XXXX
2024-02-14 00:00:00,Credit card,AMERICAN EXPRESS COMPANY,NV,"XX/XX/2023 : I purchased from XXXX ( the company ) FOR {$110.00}. 
XX/XX/2023 : I contacted the company through live chat to inform them I received my order, the flowers ( goods ), requesting for a full refund on order XXXX. I sent them photo evidence of the goods. They offered a redelivery and a coupon. I ended the conversation. 
XX/XX/2023 : I contacted the company again, hoping for a different answer. This time I indicated I was not interested in a redelivery because the occasion has passed. I was only interested in a full refund. They returned with a 50 % credit and a coupon. Again, I was only interested in a full refund, so I did not take their offer. 
XX/XX/2023 : I filed a dispute with my credit card, American Express ( the credit card ), in hopes of getting a full refund. Reference Number : XXXX. The credit card issued a provisional credit of {$110.00} while they investigated. 
XX/XX/2023 : The credit card rebilled my account and issued a letter to me. In the letter, the credit card said "" the merchant [ ... ] provided documentation indicating, if product delivered was defective, it could've been denied the delivery or returned it, however no such action was taken and item was not returned. '' Flowers are perishable goods that were delivered in a cardboard box. I can not see into the box without opening it, thus, there's no way for me to return delivery. Additionally, the company did not offer to have me return the perishable goods nor agree with the full refund though their website and the product page indicated "" Satisfaction Guaranteed ''. I was not satisfied. 

I have made XXXX attempts to resolve the issue with the merchant, XXXX. They were contacted via live chat, as provided with the opening of the dispute, on XX/XX/2023 XXXX hours and again at XXXX hours. In both occasions, the representative of the merchant did not request for the return of the flowers and instead, offered a re-delivery along with coupons. Additionally, nowhere on their website or live chat showed an address to return the flowers. Since the merchant has made no requirement nor expectation on the return of the flowers with their absence of a return address in any form of communication, it is a moot argument to be used to re-bill the transaction. 

The recipient of the flowers can not refuse delivery of the flowers because they are a perishable item and the box has already been opened. XXXX does not allow deliveries to be refused if they are opened. Since the flowers were packaged in a cardboard box, there is no way for the recipient of the flowers to know the quality without opening it. 

The merchant has not made good faith in upholding their promise of fresh flowers or their 100 % Smile Guarantee. Because of that, I implore you to reverse the charges on my account since they do not have a viable argument and have not kept their promises."
2025-04-18 00:00:00,Credit card,PNC Bank N.A.,PA,"I opened a PNC Secured Credit Card on XX/XX/XXXX. I received the physical credit card on the night of XX/XX/XXXX and activated it the same night ( My PNC Company is aware that I activated on XX/XX/XXXX night ). However, PNC generated a statement on the morning of XX/XX/XXXX ( before I received or activated the card ) and charged me a $ XXXX monthly maintenance fee for the short period of XX/XX/XXXX to XX/XX/XXXX. PNC charged a monthly fee XXXX $ for a period during which the card was not in my possession and not activated. Even If I have activated the card before XX/XX/XXXX they should generate the statement only for month that if from account opening date XX/XX/XXXX to XX/XX/XXXX. 

I was unable to use the card during that time because I didnt even have it in my possession until XX/XX/XXXX night. Charging a monthly fee for a 6-day statement period and during a time when the card was not active is misleading and unfair. 
FYI - I already paid the XXXX $ fee to Credit card as it may lead to penalty. 

I contacted PNC requesting a waiver or refund, but they have not resolved the issue. I am requesting that the {$3.00} fee be refunded, as I believe this charge violates fair billing practices. It violates the principle of fair billing and could be considered unfair or deceptive under consumer protection laws. 

Thank you."
2024-06-02 00:00:00,Credit card,BARCLAYS BANK DELAWARE,FL,"Barclays credit card ending XXXX I took the offer of the 0 % interest which Barclays Credit card offered me last year XXXX and the balance transfer promotion with 0 % interest ended on XX/XX/XXXX. 
Few months later I took another balance transfer of 2.99 % which ends on XX/XX/XXXX. 

2 months before the 0 % promotion ends on XX/XX/XXXX, I paid the total balance using my personal check # XXXX for the amount of {$2900.00} and I wrote in the check that this check # XXXX pays the promotional balance which ends on XX/XX/XXXX and I included in addition another letter to support my specific payment and request. 
This check # XXXX ( proof of payment ) was sent via regular mail and was not deducted as an automatic debit a using my checking account. 

For additional information I sent to Barclays via email the proof of my payment/ ( physical check ) + my last XXXX recent statements from XXXX, XXXX, XXXX. 

The reality is that Barclays credit card intentionally ignored the reference of the check for the amount of {$2900.00} and made a credit to the other promotional 2.99 % balance transfer which will be ends on XX/XX/XXXX. 
Barclays ccard charged me this month of XXXX XXXX the interests generated of {$70.00} which is showing that I did not paid the 0 % balance transfer which ended on XX/XX/XXXX and the amount of {$2900.00} was paid the other balance transfer which ends in XX/XX/XXXX. This charge for the amount of {$70.00} per month is the interest generated for to have a balance of {$2900.00} with a 29.99 % yearly interest because the balance transfer ended on XX/XX/XXXX affecting me economically.I plead for justice, because this action is unethical affecting consumers budgets and only benefit Barclays ccard. 
Please assist ASAP with this complaint."
2025-04-10 00:00:00,Credit card,"Continental Finance Company, LLC",PA,"Received card, document stated, simply pay {$95.00}. processing fee to open your account and access your available credit, after card was declined, I contacted customer service was a payment of the annual fee would be due a month later, So on XX/XX/year>, I canceled the card, requested refund of the {$95.00} processing fee, was 3-7 days, nothing happened, called 4 times, and each time they requested that I call back, each time they told me to call back. 
So today I contacted the back of Missouri customer, I call 3 times, each time I told them what the issue was, they hang up on me, problem unresolved."
2024-01-30 00:00:00,Credit card,NAVY FEDERAL CREDIT UNION,CA,"I disputed a purchase because the items were received broken which warranted a refund. 27 days later, PayPal responses and informs me I have 2 days to provide proof of the return product. However, there was no accompanied invoice so I had no return address available. It was over the weekend, so I waited until Monday to contact the seller ( XXXX XXXX ) via email. The seller 's response was to keep the product as a good gesture. LoL!. In the meantime, PayPal closed my dispute and said "" QUOTE '' Because the investigation into your recent case has been closed you are responsible for the purchase amount, including any interest charges '' "" END QUOTE ''. They basically told me this was not their concern. I'm now in the process of attempting to seek a refund through the seller who I initially contacted but was told since I filed a dispute through PayPal ( chargeback ) they ( PayPal ) would be the ones to provide the refund. As noted, PayPal told me to go pound sand!"
2024-12-06 00:00:00,Credit card,"Bread Financial Holdings, Inc.",TX,"I filed a dispute on account XX/XX/year> it reads the information has been verified as accurate, however, information unrelated to your dispute has been updated ( I DON'T KNOW WHAT THAT MEANS ) and then it says this account has been deleted from credit file but it's still on my file so I call them for the verified information and they told me they couldn't give me any information because they don't have this account on record"
2026-01-23 00:00:00,Credit card,SYNCHRONY FINANCIAL,FL,"Details of the initial dispute are included in the closed CFPB Complaint XXXX XXXXXXXX. 

Synchrony acknowledged receipt of the dispute and later responded via a CFPB response dated XX/XX/year>, stating that it had presented the dispute to the provider and resolved the matter in the providers favor. The response did not include an independent analysis of the insurance contract limitations, did not reconcile insurance payments versus patient responsibility, and did not explain why amounts exceeding the contractually permitted copays were legally collectible. 

The response included documentation that did not meaningfully address the billing error, including an unclear screenshot indicating a partial patient refund of {$350.00}, a CareCredit sales draft not signed by the account holder, and unrelated records from a different dental provider and time period. No explanation was provided as to how the remaining disputed balance was determined to be accurate. 

Because Synchrony relied solely on the providers assertion and did not conduct a reasonable independent investigation or provide a meaningful explanation addressing billing accuracy and legal collectability, Synchrony failed to comply with its obligations under the Fair Credit Billing Act."
2025-02-12 00:00:00,Credit card,GOLDMAN SACHS BANK USA,NC,"On XXXX XXXX XXXX I purchased an XXXX  XXXX  from XXXX using the monthly installment plan on the Apple Goldman Sachs card. The item was cancelled due to deliveries not being able to be made from XXXX  XXXX. Apple cancelled the order for me no problem. Goldman Sachs Apple Card refuses to remove the {$790.00} item from my bill. I have unknowingly made three monthly installment payments on the item. Goldman Sachs Apple Card refuses to refund my money. Apple has confirmed the order was cancelled and I should not be charged.

After months of speaking with the Goldman Sachs Apple Card dispute team, they refuse to remove the charges and issue a refund for the monthly installment payments I have made. Apple has provided proof to Goldman Sachs Apple Card that I should not be charged and should be refunded. The Goldman Sachs Apple Card dispute team has told me repeatedly that supervisors on their team keep entering my dispute incorrectly. I find that hard to believe. The company is engaging in unethical practices."
2024-04-29 00:00:00,Credit card,"Bread Financial Holdings, Inc.",NV,"On XX/XX/XXXX i was charged a {$30.00} late fee, on XX/XX/XXXX i was charged a {$37.00} late fee, on XX/XX/XXXX i was charged a {$37.00} and XX/XX/XXXX i was charged {$37.00} late fee. I noticed that each month Alphaeon always has something wrong with the payment website. Several times I logged on to make my payment as agreed in contract but my account would be disabled/locked and unable to log into. 

Alphaeon, comenity bank has charged me {$140.00} in late fees even when my monthly payments were not late. 

15 USC 1666b- timing of payments state that a creditor may not treat a payment on a credit card account under an open end consumer credit plan as late for any purpose unless the creditor has adopted reasonable procedures designed to ensure that each periodic statement including the information required by section 1637B of this title is mailed or delivered to the consumer no later than 21 days before the payment due date.

This creditor Alphaeon is in violation of 15 USC 1666B by considering my payments late and automatically charging me late fees for payments that LEGALLY WERE NOT LATE. I demand this creditor to prove they have reasonable procedures designed to ensure that my periodic statement was mailed or delivered to me no later than 21 days before the due date for each date of payments they considered late and charged fees on. 

I have not received my periodic statement 21 days before the due date on a monthly basis yet this creditor still automatically charges me late fees, which is in violation of my rights under the FCRA."
2025-02-28 00:00:00,Credit card,"Bread Financial Holdings, Inc.",FL,On XX/XX/year>2025 I called and paid the balance off on this card. They have now charged XXXX late fees after this payoff and will not budge. This is Comedity XXXX XXXX Card. Ive called them five times and they wont remove these fees.
2026-03-12 00:00:00,Credit card,JPMORGAN CHASE & CO.,CA,"I purchased a car, a XXXX XXXX XXXX XXXX, with my credit card from Chase Bank, from XXXX XXXX in XXXX XXXX, CA. I did not receive the car on the day I purchased it ; instead, I picked the car up the next day. One day later the transmission went out, and I contacted the car salesman, who asked me to bring the car back. I immediately contacted the bank before I received the car back, and then I asked the salesman whether I could receive a loaner car because I travel to work and must have reliable transportation. I was given an old, outdated XXXX XXXX that also had problems. While I had a loaner car, I was working with Chase Bank to return my funds to my credit card, and I could return the loaner car. Instead, the bank took too long and paid XXXX. I picked up the car and have complained to the bank by filing a formal complaint to return the funds to the car permanently. The bank removed the funds and did not explain that it was a temporary removal, as I explained that the car is under the lemon law clause for the state of XXXX Vehicle Sales for Consumer Protection. The bank ignored the violations of my rights and 6 months later returned the funds to my card, causing the card to be overdrawn by {$9000.00}. I filed another complaint with Chase Bank to prove I was approved for a home loan first, and then the {$10000.00} credit became an option, while I waited on another Loan Adviser to help me secure my loan for the purchase of my home, as a first-time home buyer. Months down the line, and after I was told the Banker and Real Estate Agent, who was the same person, no longer worked there. By this time, my credit was ruined because of the overdraft and my refusal to pay without lawyer representation to show all of the transactions that took place, causing me to have bad credit and a lemon car that has too many issues to fix because the issues are more than the car is worth. This included the tires that must have dry rotted, causing the front passenger side tire to dry rot and explode, and blowing out part of the fender and bumper, further causing the headlight to be exposed and dangle if unsupported. I want Chase Bank, XXXX, XXXX XXXX, CA, and XXXX XXXX to remove the car from my credit card. I will return the car and then pursue Chase Bank, removing the credit card from my credit and financial profile immediately and permanently for their mistakes. The records of conversations and the return of the vehicle for repairs is proof that XXXX and Chase Bank worked together and illegally made this my fault and once they did not follow the Consumer Buying Protection Laws as : CARS Act ( SB766 ), which provide transparency in pricing, prohibit "" valueless '' add-ons, and mandate a 3-day return policy for used cars under {$50000.00}."
2026-03-08 00:00:00,Credit card,Exto Inc.,MD,"XX/XX/XXXX. 2026 I tried to make XXXX purchases from XXXX by XXXX. XXXX was for a moto G 2026 and the XX/XX/XXXXpurchase was for a XXXX XXXX with a {$30.00} phone plan. Both purchases were timed-out on my computer meaning they didn't go through and the website said "" sorry the page you requested can not be reach '' but the charges went through to my card. XX/XX/XXXX XXXX contact Atlas Rewards Credit Support and was told by XXXX i would have to wait XXXX days. XX/XX/XXXX I contacted support again and was given the same answer. XX/XX/XXXX i tried contact again was told the same script without any effort from customer support when its clearly been past XXXX at this point. XX/XX/year> customer support is just simply ingoring my request at this point, no one is responding and this is very unprofessional and nerve racking honestly to have people like this having access to our info"
2025-10-17 00:00:00,Credit card,"CITIBANK, N.A.",CO,"I had a renewal on my Best Buy protection plan that I was not notified of, and CitiBank subsequently charged me {$90.00} in late fees. I paid my first installment and requested that 1 ) subsequent payments be made through an automatic withdrawal, and 2 ) that statement be mailed to me.

The payments are still requiring manual payment, and yet CitiBank is not sending me monthly statements."
2026-06-23 16:42:22,Credit card,U.S. BANCORP,FL,"I sent a payment of {$2400.00} to the wrong credit card. Both credit cards are held by US Bank, XXXX business and XXXX personal. 
First contact XX/XX/year> XXXX XXXX The following day, I requested that the money be transferred to the correct card ( the business card ). I was told that this could not be done and I would need to wait for them to refund the money to me. This could take XXXX to XXXX business days. It would be returned the same way that it was paid. I waited the days and called back. 
Call XXXX I reported that I had not received the money. The representative told me that it could take from XXXX XXXX business days. While waiting for the days to pass. I researched on the internet and found out there policy was that if the request is submitted in writing that it takes XXXX business days. 
BBB- Made a formal complaint with the Better Business Bureau XXXX 
Chat conversation- I took this approach so that it would be in writing. Still did not receive the money. 
Call XXXX Representative informed me that the check would be received within XXXX business days and that the money had been sent. No money was received and the account balance still showed a {$2400.00} credit. 
Call XXXX Today XXXX Regular representative answered and it seemed like the same nonsense and I asked to be escalated to a supervisor. XXXX, the best customer service representative, which admittedly had to handle me with kid glove. Because at this point, I am beyond XXXX!!! I find out that a representative canceled my request for my refund ( which I absolutely did not do ) and that the money could have been transferred to the other credit card from the beginning. XXXX expedited my request by email and explained that I may want to follow-up on XX/XX/year> to verify the process has been completed. 
This has been XXXX of the most terrible customer service failures that I have ever experienced as a customer ANYWHERE. I have been, what I thought was a great customer, paying my bills on time and communicating any issues that I experience with the institution. I am at a loss of words for how devalued and taken advantage of as a customer. Is the interest earned on holding my money XXXX for and entire month really worth this? All money charged is processed instantaneously, but a customer has to wait 30 days to receive an overpayment back? This is abuse and an imbalance of the haves and the have nots ( or haves less ). Honest, hardworking people deserve more respect than this. To image that US Bank would hold my money for a month while I have another credit card with them with an outstanding balance that needs paying. This seems quite intentional and at the least is an EPIC FAILURE BY US BANK!!!"
2024-02-26 00:00:00,Credit card,"BANK OF AMERICA, NATIONAL ASSOCIATION",CA,I have two Bank of America credit card and I am not using them because of the difficulties I have had with these Bank of America liars in the past. Although I still have the cards and did not send them in because I understood that if you closed the account this would hurt my FICA score. However Bank of America lowered my credit limit and reported this to the credit bureaus which had them lower my credit score/rating. I have paid the Bank of America Credit card off in full and by their actions of saying they have reduced my credit limit my XXXX went down. Is there any way I can correct this bogus action by Bank of America?
2024-04-06 00:00:00,Credit card,AMERICAN EXPRESS COMPANY,CA,"I was a victim of an email scam. Asked by what I thought was a friend to do a favor and send some money to a third party. Did so turned the request came from someone impersonating my friend. 
XXXX XXXX XXXX and XXXX XXXX both say too bad we can not help you."
2023-11-05 00:00:00,Credit card,WELLS FARGO & COMPANY,GA,"Dear XXXX XXXX XXXX WELLS FARGO, I have recently become aware of a claim being made against ( XXXX XXXX ) by the attached correspondence from WELLS FARGO. Please provide proof of your Legal and/or Equitable chose in action ( YOUR RIGHT TO HAVE ACERTAIN SUM OF MONEY PAID ON DEBT ) upon seven ( 7 ) days of this notice, as well as the associated chose in action insurance policy/ies. I am also requesting the governing XXXX instrument. Thank you for your prompt consideration and understanding of the agreement in good faith. Sincerely, XXXX XXXX"
2024-03-31 00:00:00,Credit card,Synovus Bank,GA,"First Progress has closed my account and listed it as a charge off. If the account is charged off then the balance that is owed should be refunded to me per federal law. First Progress has made no attempt to refund the money owed to me even though they do have my mailing address and name. They have however been selling this derogatory information to XXXX, XXXX, and XXXX to damage my consumer report and prevent me from obtaining credit that is rightfully my right to receive. 

XXXX Treatment of credit balances ; account termination. 
( a ) Credit balances. When a credit balance in excess of {$1.00} is created on a credit account ( through transmittal of funds to a creditor in excess of the total balance due on an account, through rebates of unearned finance charges or insurance premiums, or through amounts otherwise owed to or held for the benefit of the consumer ), the creditor shall : ( 1 ) Credit the amount of the credit balance to the consumer 's account ; ( 2 ) Refund any part of the remaining credit balance within seven business days from receipt of a written request from the consumer ; ( 3 ) Make a good faith effort to refund to the consumer by cash, check, or money order, or credit to a deposit account of the consumer, any part of the credit balance remaining in the account for more than six months. No further action is required if the consumer 's current location is not known to the creditor and can not be traced through the consumer 's last known address or telephone number.

( b ) Account termination.

( 1 ) A creditor shall not terminate an account prior to its expiration date solely because the consumer does not incur a finance charge.

( 2 ) Nothing in paragraph ( b ) ( 1 ) of this section prohibits a creditor from terminating an account that is inactive for three or more consecutive months. An account is inactive for purposes of this paragraph if no credit has been extended ( such as by purchase, cash advance or balance transfer ) and if the account has no outstanding balance.

( c ) Timely settlement of estate debts ( 1 ) General rule.

( i ) Reasonable policies and procedures required. For credit card accounts under an open-end ( not home-secured ) consumer credit plan, card issuers must adopt reasonable written policies and procedures designed to ensure that an administrator of an estate of a deceased accountholder can determine the amount of and pay any balance on the account in a timely manner.

( ii ) Application to joint accounts. Paragraph ( c ) of this section does not apply to the account of a deceased consumer if a joint accountholder remains on the account.

( 2 ) Timely statement of balance ( i ) Requirement. Upon request by the administrator of an estate, a card issuer must provide the administrator with the amount of the balance on a deceased consumer 's account in a timely manner.

( ii ) Safe harbor. For purposes of paragraph ( c ) ( 2 ) ( i ) of this section, providing the amount of the balance on the account within 30 days of receiving the request is deemed to be timely.

( 3 ) Limitations after receipt of request from administrator ( i ) Limitation on fees and increases in annual percentage rates. After receiving a request from the administrator of an estate for the amount of the balance on a deceased consumer 's account, a card issuer must not impose any fees on the account ( such as a late fee, annual fee, or over-the-limit fee ) or increase any annual percentage rate, except as provided by 1026.55 ( b ) ( 2 ).

( ii ) Limitation on trailing or residual interest. A card issuer must waive or rebate any additional finance charge due to a periodic interest rate if payment in full of the balance disclosed pursuant to paragraph ( c ) ( 2 ) of this section is received within 30 days after disclosure."
2023-05-13 00:00:00,Credit card or prepaid card,"CITIBANK, N.A.",VA,"Disputed charge : Did not authorize charge, did not recognize charge. Opened a dispute with LL Bean Mastercard. 

LL Bean Mastercard case # XXXX Transaction Date : XX/XX/XXXX, Amount {$50.00} Dispute first entered : XX/XX/XXXX {$50.00} On the statement, this information was shown : Transaction Date XX/XX/XXXX DESCRIPTION XXXX XXXX XXXX XXXX WA Amount {$50.00} Statement Date XX/XX/2023 Reference Number XXXX POSTED Transaction ID XXXX Merchant Category XXXX XX/XX/XXXX, signed the required letter and uploaded it to the LL Bean Mastercard site . LL Bean Mastercard required us to sign the letter, stating that we are disputing the charge and that we had not authorized the charge, and that, if needed, the account would be closed and a new card issued. 

After waiting for information, I realized that the Mastercard activity showed a phone number for the XXXX transaction, so I called the number shown. Also, we only use our LL Bean card for LLBean purchases. We never use it for anything else. We use a different XXXX credit card for all other purchases. Our XXXX account does not have the LLBean credit card. When I called the XXXX number, the person on XXXX looked up the transaction, and said the transaction was for a gift card, and was under the name of a different person, not anyone in my household. I have the chat history for that. 

I submitted that information to Mastercard. At first it seemed they resolved in our favor, but then they reopened it, and said that we put in the charge and that we now had to pay a late fee. So I re-opened a dispute in XXXX. Then they said that I need to submit proof that it was fraudulent, by uploading documents or proof. I have been trying to upload screen shots of my chat with XXXX, but the Mastercard website has an error that does not allow uploading documents. It seems that they are making me run around in circles and making it very difficult to prove that we did not authorize the transaction."
2023-09-25 00:00:00,Credit card,FIRST NATIONAL BANK OF OMAHA,GA,"I saw an ad for the XXXX XXXX credit card on the XXXX XXXX XXXX dealer website. The ad said get a {$100.00} statement credit after 1st. purchase at the dealer. I called several times the First National Bank of Omaha, XXXX XXXX XXXX XXXX XXXX XXXX on how to get the credit and about a long delay in receiving the credit card. I made the 1st. purchase on XXXX at XXXX XXXX XXXX. I called the bank on XXXX because I did not get the {$100.00} statement credit. I spoke with manager XXXX. He said I will not get the {$100.00} statement credit because I took too long to make 1st. purchase. The several telephone calls I made did not explain the time limit on 1st. purchase. I think 1st. Natl. Bank of Omaha should give me the {$100.00} statment credit."
2023-12-20 00:00:00,Credit card,Experian Information Solutions Inc.,IL,"Take a look at the attached documents. I request the bureau to commence an investigation into these accounts, as I am never late on them, yet they are inaccurately reporting me."
2026-03-16 00:00:00,Credit card,"BANK OF AMERICA, NATIONAL ASSOCIATION",MD,"I disputed a {$660.00} credit card charge from XXXX XXXX XXXX because I never authorized the work that was billed. 

I brought my vehicle to the shop for a state safety inspection only. I did not authorize any additional repairs or services. 

After the inspection was completed, the merchant charged my credit card {$660.00} for additional work that I never approved. At no point did I sign a repair authorization, estimate, work order, or receipt agreeing to these charges. 

When I disputed the charge with Bank of America, the merchant informed Bank of America that I authorized the work. However, the only documentation that exists is an unsigned repair order and an inspection receipt. The merchant later provided a receipt with a signature line that does not contain my signature. The receipt contains a signature line that does not contain my signature. The repair work order does not contain any signature or authorization from me. 

Despite the lack of any signed authorization, Bank of America denied my dispute and stated that documentation showed I authorized the transaction. 

I mailed a written escalation to Bank of America requesting copies of the documentation they relied upon to determine that I authorized the charge, including any signed receipt or repair authorization. To date, no document bearing my signature has been provided. 

This dispute is not about dissatisfaction with services. It is about a charge being processed without my authorization and the bank concluding that authorization existed without producing evidence showing my consent. 

To date, no document bearing my signature authorizing the additional work has been produced."
2023-09-30 00:00:00,Credit card,"Bread Financial Holdings, Inc.",CO,"I sent in a check for the final bill, which would have paid it in full, they said it was late, but was sent in plenty of time. they charged me a XXXX fee. I closed the account they continued to charge me late fees. and interest on the account. 

They are a dishonest company. 

I recommend that no one use Comenity Capital Bank. They refused to cooperate and ended up charging me XXXX and a promise to continue to charge late fees. 

I have never had any credit card company try to pull this kind of XXXX. Even though the account was closed they continue to charge late fees and raise them each month."
2025-05-19 00:00:00,Credit card,BARCLAYS BANK DELAWARE,CA,"I was fraudulently charged 2 transactions on XX/XX/year>XXXX  for {$19000.00} and also on XX/XX/year>XXXX  for {$500.00} by a merchant by the name of XXXX XXXX XXXX XXXX XXXX from XXXX, TX on my Barclays XXXX XXXX Credit Card. I have attempted to dispute and claim the charge as fraud because I NEVER authorized the charges to be made to my card. I never gave them any authorization or signed anything to give them permission to make these 2 charges to my account. I have asked numerous time for the credit card company to investigate so they can see that they were never authorized to charge the card but the credit card company has refused to investigate the charges, even though I have been asking since XXXX of XXXX  that these charges need to be reversed and disputed because it is fraudulent and were never given authorization from myself for these charges to occur."
2025-03-14 00:00:00,Credit card,CAPITAL ONE FINANCIAL CORPORATION,IL,"I received an email XX/XX/year> that my credit limit had been decreased from {$35000.00} to {$12000.00}. The reason in the email is that during a regular account review it was noticed that I was only using a portion of my available credit. I used the link provided in the email to request my limit be reinstated. When I completed the information required, the last step said I was ineligible to make this request because my credit limit had been increased or decreased over the past several months. I then call Capital One and spoke with customer service, customer service supervisor, credit limit customer service and finally a credit limit supervisor. The last supervisor said I had no options to have this reviewed and that my request would not be escalated to a higher level. 
I have had this Capital One XXXX card for over XXXX. During that time I increased my credit limit several times without issue. I always pay on time and have done what was requested of me. The biggest problem with this credit limit reduction is that it effects my credit score. I have a credit score over XXXX which I have worked hard to maintain. All I'm requesting is that Capital One reinstate my previous credit limit."
2023-10-25 00:00:00,Credit card,"CITIBANK, N.A.",FL,XXXX charge with XXXX  amount XXXX XXXX charge car rental company about XXXX Spoke to managers at the dispute dept and customer service they dont appreciate customers time and were not knowledgeable about dispute process.
2023-08-10 00:00:00,Credit card or prepaid card,WELLS FARGO & COMPANY,CA,"On XX/XX/2023, XXXXXXXX XXXX., I received a notification that there was a withdrawal in the amount of {$300.00} ATM Transaction and {$1000.00} ATM Transaction from a card ending with XXXX. It asked me to reply Y if authorized or STOP to STOP msgs. I replied STOP to but did not press Y to authorize the charges. Also, the card ending XXXX is not a card that was ever issued to me. Once I noticed I pressed stop and didn't respond with Y, I called Wells Fargo Customer Service and told them I had unauthorized charges and they were unable to help me because the Legal department was closed. I showed up in person to my local Wells Fargo Bank on the very next day, XX/XX/2023. The banker was able to confirm that two checking accounts were opened in my name without authorization from XXXX XXXX and that funds from my credit account were moved into one of the accounts and then withdrawn. I have received multiple decisions from telling me I am not liable to telling me I am liable for the fraudulent charges which has been very confusing and stressful. One of the employees from Wells Fargo is making accusations that the transfer was authorized from my IP address which is completely false. I also received a letter stating instead of {$4300.00} I have charges in the amount of {$6600.00} that were authorized by me and my claim has been closed. I have been meeting with the same banker and it's still ongoing locally. I really hope we can resolve this issue as I am XXXX XXXX XXXX and retired and I really want to resolve this as I live on a fixed income and shouldn't have to pay for something that was unauthorized on my account. Wells Fargo even claims you wont be held responsible for promptly reported unauthorized card transactions which I did that very night by calling customer service."
2024-01-09 00:00:00,Credit card,"TRANSUNION INTERMEDIATE HOLDINGS, INC.",OH,"Please see the attached documents. I urge the bureau to begin an investigation into these accounts, as I am consistently on time, yet they are incorrectly reported as late."
2024-07-16 00:00:00,Credit card,Resurgent Capital Services L.P.,PA,LVNV funding LLC. This company wants me to pay for a credit card I paid on but refuse to work with me. Have now sent my information to a lawyer and they are coming after me. They wouldnt work with me I paid as agreed.
2023-10-30 00:00:00,Credit card,SYNCHRONY FINANCIAL,TX,"I currently have an Amazon Store Card issued by Synchrony. My problem first originated over a month ago by Amazon on XX/XX/XXXX. I ordered a XXXX XXXX using the Amazon Store Card which was shipped but never delivered to me by their in house delivery company. After reaching out to Amazon Customer Service a few days after the expected delivery date, I was told they have to wait 30 days from date of purchase before they can issue a refund. I did unfortunately made the mistake of ordering another XXXX XXXX in hopes to replace the item that never arrived. The second XXXX XXXX did arrive and I held on to it unopened as I waited for resolution of the lost unit. After a few weeks of going back and forth with Amazon regarding the lost product, I decided I didn't want to keep the second XXXX as their customer service left an awful experience for me. The second laptop was returned and I received my refund posted to the XXXX XXXX on XX/XX/XXXX. At which time, the Synchrony app updated the minimum payment due from the original {$630.00} down to some amount in the {$400.00} range. I was relieved to see they would adjust the minimum payment due as a large refund took place. 

On XX/XX/XXXX, a full month after my original purchase, I contacted Amazon again asking for my refund. At which time, the customer service agent assured me I will get my refund, which again never came. I reached out 5 days later on XX/XX/XXXX and again a customer service agent assured me I would get a refund. However due to my previous experience, I requested to speak to a supervisor to get my refund. The supervisor was able to issue my refund during our conversation with no further issues from Amazon themselves. After the second large refund posted to my account, the Synchrony app again updated the minimum payment due to {$210.00}. A couple days later on XXXX XXXX, I manually paid the {$210.00} minimum payment through the Synchrony Mobile App. I thought my ordeal was done with this saga.

However two days later on XX/XX/XXXX, Synchrony debited my bank account for the {$410.00} difference from my manual payment to the original minimum payment. When I called Synchrony customer service, why their App was showing an updated minimum payment while they billed my bank account for the previous minimum. The agent said, something in the tune of "" you should not trust the app, and only check your account information on the website ''. The customer service agent consulted with others on her team and said they can not return the extra payment since the minimum payment hasn't changed. 

The app I've using the entire time was the Synchrony App, not Amazon app for clarification. If their own app was showing an updated minimum balance from large refunds it would be natural to believe that Synchrony was updating the minimum due in their systems. It is extremely deceiving to have their own company app show a decreasing minimum due from large refunds if such changes were not occurring in reality."
2024-10-01 00:00:00,Credit card,TD BANK US HOLDING COMPANY,SC,"XX/XX/XXXX, I had unknown and unauthorize charges on my account. The company "" TD Bank '' removed XXXX charge for the lesser amount of {$11.00}, the XXXX charge for higher amount of {$100.00}, TD Bank refused to remove. TD Bank close the card that was compromised and issued me new cards. The XXXX charged happen on the compromised card, TD Bank transferred the {$100.00} charge to the new card. TD Bank stated to me, the XXXX charge can not be disputed because is it XXXX 's policy : since I had done business ( XXXX prior ) and approved charges with this company "" XXXX '', that I was not able to dispute the charge. I contacted XXXX, they keep telling me that they have refunded the amount to the same card. In XX/XX/XXXX I paid the original amount of {$100.00}. XX/XX/XXXX TD Bank refuses to remove the late fees and interest charges in the amount of {$200.00}. I have fully paid this account now. This XXXX account has caused my credit score to drop, it has caused my interest rates on my loans to go up. I have had this account with TD Bank since XXXX, never have I missed a payment, nor have I carried a balance."
2025-03-08 00:00:00,Credit card,Chime Financial Inc,GA,"I noticed XXXX charges on my XXXX XXXX credit card with Chime that I did not recognize. Both charges were from the same merchant : XXXX. XXXX charge was for {$99.00} and another for {$200.00}. I immediately called Chime, canceled my card, and began the dispute process. This was on XX/XX/year>. I provided documentation, such as my email correspondence with the merchant ( confirming it was a fraudulent charge, and the merchant offered a store-credit, which I declined due to this store being over 1,000 miles away from me ), proof of my being at work-in another state than where the charge was made, a police report, and written statements. This dispute has been denied four times, and when I request the documents they used to find no error was made, they have only ever sent me my initial dispute intake form that I filled out. No documents from the merchant, no other investigation documents. This dispute is currently in another open rebuttal, but has not yet reached a fair resolution. I call Chime every single day and get no assistance."
2024-02-06 00:00:00,Credit card,BANCO POPULAR DE PUERTO RICO,PR,"On XX/XX/XXXX I changed my credit card product with Banco Popular Puerto Rico to upgrade the XXXX XXXX to XXXX. With this product change the annual fee would increase from {$40.00} to {$99.00} as additional benefits were being introduced including but not limited to free first bag. 

My first trip with the XXXX was on XX/XX/XXXXXXXX XXXX  and had to pay the bag for the roundtrip. Upon inquiry to XXXX, I found out the Bank hadn't notify the airline of the product change and they needed the Bank to update the information. On XX/XX/XXXX, I contacted the Bank with the information provided by XXXX to look into it and request the bag fee that I had to pay even though the product includes the bag fee waiver. 

On XX/XX/XXXXXXXX XXXX I had to fly again and pay for the bags as the investigation was ongoing. 

By XX/XX/XXXX, I visited the XXXX XXXX to open a new claim for the roundtrip bags, submit travel and invoice evidence and follow up on the product update communication to XXXX. The response provided by the call agent was to show my credit card at the counter so that the XXXX agent will waive the bag fee. I communicated the bank call agent that this was an unfair and abusive treatment as my adult daughters have the same product and can purchase their bags through booking or check-in without any fees, and because I'm a XXXX XXXXXXXX XXXX XXXX woman I was being treated different. 

In XX/XX/XXXX, I received a call from the Bank that they had completed investigations and will make me whole for the {$140.00}. To date, the Bank only credited {$70.00} to the account. 

On the numerous times that I've called the Bank to follow up on the product update they have treated me unfairly. I contracted a product with the same terms and co ditions as my daughters but can't enjoy the benefits because the Bank in almost 7 months of having contracted the product has not provided XXXX the necessary information to access my benefits. 

Today, XX/XX/XXXXXXXX XXXX  I've opened up yet another claim to have the issue investigated and the remaining {$70.00} from bag fees credited. Note that to this date I've been paying interest on contracted benefits."
2024-01-23 00:00:00,Credit card,JPMORGAN CHASE & CO.,NY,"During XX/XX/year> I finally complained about JPMorgan Chase and requested proof the debt belonged to me. I asked for a copy of the contract with my wet signature. I never received it. Since that time the JP Morgan Chase has sort to sue me for something I have asked clarity on. They sent letter showing statements with my name and address, that does not prove debt is mine. As I have had mobile bills come to my address with my name and they were not from the carrier I do business with. So I am understanding that this is not proof of debt. I have been finding other inconveniences from having my information used without my consent so I asked for proof of debt not to be sued because I am looking for clarity from a big business claiming to have charged off this debt and now bullying me to pay."
2025-05-16 00:00:00,Credit card,"ACIMA CREDIT, LLC",FL,"The company acima and I came to settlement agreement on XX/XX/XXXX where I have XXXX scheduled payments of {$72.00}. On XX/XX/XXXX they processed a payment of {$100.00} which came out of my account on XX/XX/XXXX, I've been calling everyday and they said they issued the return and that everything is documented, they are delaying procrastinating because everytime I call it's a new person having no clue what's going on. On person tells me they issued the return and when I call the next day another person says they don't see anything about a return being started."
2024-09-12 00:00:00,Credit card,AMERICAN EXPRESS COMPANY,PA,"Subject : Formal Complaint and Cease and Desist Request Dear CFPB, I am writing to file a formal complaint against American Express, regarding an account that was improperly placed in collections and is now threatening private payments and not placed on my credit. 
I made multiple attempts to make payments on this account, but I was not informed that it would be sent to collections. The lack of communication and transparency regarding this matter has caused undue stress and financial concern. 
I request that AmericanExpress and its agents immediately cease and desist all collection activities related to this account, including any actions that threaten liens on my personal property. I also ask for a full investigation into their handling of my account and the communication failures that led to this situation. 
Thank you for your attention to this matter."
2025-08-14 00:00:00,Credit card,"TRANSUNION INTERMEDIATE HOLDINGS, INC.",GA,"My accounts was never late! I have had exceptional payment history with XXXX XXXXXXXX and all payments were placed on Autopay. This late payment that is reporting is a result on a systematic error on their end processing my payment. This was clearly a billing error made my the company and is not a reflection of my payment experience which violates USC Code 1681eb. This error has caused severe hard to my reputation, my character, my mode of living and to my family! I demand the late payment reported to be removed/updated. They are not in compliance with the following law. 15 USC 1666b and its requirements set the standards and the guidance for a creditor to treat a payment as late, yet they are reporting a payment as late and they did not comply with the law! 15 USC 1666b ( a ) Time to make payments A creditor may not treat a payment on a credit card account under an open end consumer credit plan as late for any purpose, unless the creditor has adopted reasonable procedures designed to ensure that each periodic statement including the information required by section 1637 ( b ) of this title is mailed or delivered to the consumer not later than 21 days before the payment due date. I have requested proof that this information was mailed or delivered 21 days before the payment due date and this information was requested in good faith pursuant rule 1002 and It was never provided. This is unfair, illegal, fraudulent, and not equitable to me as a consumer!"
2024-09-03 00:00:00,Credit card,CAPITAL ONE FINANCIAL CORPORATION,CA,"Capitol one credit card reps are XXXX and will disposition a call however... 
Capitol one reps don't appreciate the customer"
2023-07-29 00:00:00,Credit card or prepaid card,CAPITAL ONE FINANCIAL CORPORATION,FL,"I booked a flight through the Capital One travel portal, using my Capital One Venture X Business Card. 

I booked a "" fully refundable '' fare, and I have included the email I got after booking confirming that, as well as the cancellation email confirming that. 

But when I had to cancel the flight, Capital One did not refund me. Instead, they gave me a travel credit that can only be used through the Capital One travel portal, and I have closed my credit card, so there's no way for me to use that. 

I know this is not an issue with the XXXX XXXX -- this is an issue with Capital One, because I have booked a fully refundable ticket directly with XXXX XXXX before, and they do indeed provide a cash refund when you cancel. This is an issue where Capital One is being deceitful."
2025-02-05 00:00:00,Credit card,DISCOVER BANK,NH,"I complained to you in XXXX Was told Discover would get in touch They did, they responded when I talked to them i was told to hire a lawyer for the messages and email and calls I made, sent etc I was trying to prove all of the attempts I made to stop the billing It would have been cheaper to hire an attorney Ive begged them for years to stop billing Reoccurring charges on old/closed card numbers They told me to contact the companies I did try to no avail I asked Discover for the last XXXX digits of old cards, they said they couldnt provide it Funny now they give me the numbers in XXXX saying oops they made a mistake I said I didnt want to charge Fraud because my son had had a XXXX XXXX XXXX XXXX  years ago and I didnt want to start anything Id pay but itd help if they just stop the billing He, my son also sold a lot of his things to others Friends, relatives, strangers etc Gaming systems that hold account information I didnt want trouble for anyone I just asked Discover to stop the charges Id pay They said Fraud Its a game that the consumer loses FYI there are pages about this happening to others with Discover on social media I received written correspondence from Discover saying it was for the consumers convenience that they didnt stop the billing on old cards They Only went back to XXXX and sent a letter about fraud Been happening for years prior to XXXX Sometimes I didnt call because it became too much for me mentally It took a lot to call it really did Knowing it was a stupid game with Discover that Id lose Convenient for the consumer? 
I said even when the consumer has begged for multi years??? 

I just asked them to stop billing old cards To please take all my old cards out of the system I was told for years they couldnt They would help after I tried They said the charges would/May start again after a certain amount of time Companies can take the old/closed cards out Discover chooses not to"
2024-11-16 00:00:00,Credit card,AMERICAN EXPRESS COMPANY,MT,"XX/XX/year> - I called XXXX XXXX to reduce my current interest rate. 

I amcharged over 30 % interest. 

I have been with XXXX XXXX for over XXXX  years and have never missed a payment. 

I was told they have offers to reduce interest to 3 %, 6 %, 9 %. 

I was put on hold. 

I was told there is no available offer or me. 

I asked the representative to explain why XXXX XXXX could not reduce my 30 % interest rate. It's too high. There was no answer to my question. 

This is usury. 

My last statement : XXXX {$910.00} XXXX charged : {$650.00} $ XXXX {$910.00} = 72 % This is usury. 

I canceled the card over the phone."
2026-05-05 01:04:44,Credit card,CAPITAL ONE FINANCIAL CORPORATION,MD,"I am filing a complaint regarding the handling of a billing dispute involving Capital One and a charge from XXXX. 

XXXX Rental Agreement XXXX ( Confirmation XXXX ). 

On XX/XX/year>, I contacted XXXX by phone to request an explanation of a {$4300.00} charge. On the same date, I also submitted a request through XXXX online form for a detailed, itemized invoice supporting these charges. To date, XXXX has not provided a complete an itemized invoice. While I acknowledge that certain incidental charges may be valid and estimate those to be approximately {$600.00} {$850.00}, the total invoice amount does not reconcile to the line items on the invoice. The invoice appears to have an unexplained variance of approximately {$3900.00}, leaving the charges unsupported and unclear.

A charge of {$4300.00} was posted to my Capital One Savor account ending in XXXX on XX/XX/year>. I disputed this charge with Capital One on XX/XX/year> ( Case # XXXX ). On XX/XX/year>, I submitted supporting documentation, including : A detailed timeline of events and expected incidental charges The XXXX rental inspection report The XXXX invoice ( Rental Agreement XXXX ) Email correspondence with XXXX requesting clarification of charges Confirmation of receipt of my inquiries to XXXX Screenshots of the related credit card transactions Despite providing this documentation, Capital One closed the dispute on XX/XX/year>, citing missing documentation without clearly identifying what was lacking. I attempted to follow up with Capital One to understand what additional information was required, but no clear guidance was provided. 

Later on XX/XX/XXXX, I resubmitted the Case Information Form along with the same supporting documentation, believing it addressed any outstanding requirements. However, on XX/XX/year>, the dispute was closed again without explanation as to what documentation was missing. 

On XX/XX/year>, at approximately XXXX XXXX, I contacted Capital One and was informed by one representative that a new case could be opened and that I would be contacted within 30 days if additional information was required. Later that same day, at approximately XXXX XXXX, a different representative provided conflicting information, stating that a new case could not be opened and that I would need to reopen the existing case and resubmit documentation. I was again instructed to provide documentation, but no clear explanation was given regarding what specific information was missing.

This lack of transparency, inconsistent guidance, and repeated closure of my dispute without adequate explanation raise serious concerns regarding Capital Ones dispute handling practices and compliance with fair credit billing requirements. Additionally, XXXX failure to provide a clear, itemized invoice prevents me from verifying the legitimacy of the charges."
2025-04-19 00:00:00,Credit card,WELLS FARGO & COMPANY,IL,"I got an email from Wells Fargo on XXXX at XXXX stating that there was a credit card open for {$2000.00}. I then got an email from my XXXX account stating that someone has checked my credit information and that I should check if any loans or credit cards have been open in my name. I did not click on any of the email information. Instead I went to a chase branch and spoke to a representative XXXX. They stated I needed to file a reports the with credit bureau. I also, called a chase representative to see if the email I received from chase was legit and they confirmed it was. They advised me to call Wells Fargo to confirm and close the account. I called Wells Fargo from a number on their website "" Suspicious emails, text messages, or calls If you clicked a suspicious link or opened an attachment, call XXXX right away If you shared any personal account information, call XXXX right away If you did not respond, forward the suspicious email/text message to XXXX '' They asked me all the specific information including SS number, mother 's maiden name, etc. and stated an account was open. Then they said they closed it and transferred me to a fraud department to make a claim, the fraud department transferred me to an identity theft department where the individual stated that I spoke to an "" impersonator '' in the previous calls. She stated there was no account open under my name. 

I then called Wells Fargo again, they stated there was an account open under my name and that we had to call the Fraud department on "" Monday because they weren't open during the weekend '' and confirmed there was an account under my name.

Then I filed the report here and will file one right after this one with credit bureau."
2024-01-25 00:00:00,Credit card,SYNCHRONY FINANCIAL,NC,"I have got Lowe 's store credit card by synchrony bank. 

Here is the detailed events as it happened over the months, XXXX : I have used the card to install fencing around my house and that costed around {$7500.00}. It was applied to an promotional balance category. That means that I have about 24 months to pay it off. I immediately setup an automatic payment of {$400.00} towards it. so that it pays off on time. 
XXXX I have bought couple of more items in the store and used the same credit card. The total was around {$500.00}. 
I called and made a payment for that purchase. But in the next statement, It did not pay off those {$500.00}. Instead of applying towards this non-promotional balance and they applied it towards the promotion balance, Even though I specifically asked them to pay it towards non-promotional balance. Due to this issue, the statement shows extra fees, interest, etc. 
XXXX : I called to them to correct this issue and adjust the payment appropriately, so that I don't have to pay the fees. the customer service person told me that this will be corrected in the next statement, but the issue remained. 
I called many times over the months and explained them about the issue. but the issue is not getting resolved. I am still having the balance, interest & fees on the last statement. it is apparent that Lowes / Synchrony bank does not allow users to make the payment towards the non-promotional balance. so that they can charge fees as they like. 
Here is the history of all the phone calls ( I have gathered this after taking with customer service ). 
XX/XX/XXXX XX/XX/XXXX XX/XX/XXXX XXXX XX/XX/XXXX XX/XX/XXXX XX/XX/XXXX XX/XX/XXXX XX/XX/XXXX ( Customer Service - XXXX, XXXX XXXX ( XXXX XXXX XXXX XXXX XXXX XXXX XXXX XXXX XXXX XXXX XXXX XXXX XXXX XXXX XXXX XXXX XXXX XXXX XXXX XXXX XXXX XXXX XXXX XXXX XXXX XXXX XXXX XXXX XXXX XXXX XXXX XXXX XXXX XXXX XXXX XXXX XXXX XXXX XXXX XXXX XXXX XXXX XXXX XXXX XXXX  - XXXX )"
2023-08-13 00:00:00,Credit card or prepaid card,TD BANK US HOLDING COMPANY,PA,"To whom it may concern, I am filing a complaint against TD Bank , N.A . regarding a fraudulent charge on my credit card for a sum of {$5300.00} that the credit card company denied. On XX/XX/XXXX, I called TD Card Services after receiving a suspicious text regarding a charge. The agent supposedly blocked the charge and cancelled my card. However, on XX/XX/XXXX, I saw that my card was still open and that there were three additional fraudulent charges on my account two at XXXX Market for a total of {$11.00} and one made through XXXX equaling {$5300.00} charged to the card between XX/XX/XXXX and XXXX. The physical card was in my possession throughout this period. I initially attributed these fraudulent charges to a USPS text scam. However, the first fraudulent charge occurred before the USPS text. I contacted TD again on XX/XX/XXXX, reported the fraud, and filed a fraud claim ( # XXXX ) well within the 60 days outlined by the Fair Credit Billing Act. This time, the card was closed. On XX/XX/XXXX, two of the charges were accepted as fraud, while TD denied the {$5300.00} charge stating that the merchant provided sufficient information to confirm my identity this information, according to a TD agent, was the details available on my credit card and my phone number. As of XX/XX/XXXX, I am still disputing this fraudulent charge. During this period, TD Banks Card Service agents have consistently misinformed me, made errors in their operations, and, on one occasion, neglected to submit my claim. They have also refused to provide detail about the merchant whose geographic location or business type could give further evidence to support the fact that I could not have made the purchase. On subsequent calls, TD Card Service agents acknowledged that their colleagues made errors. The dispute process thas dragged on for more than four months. On XX/XX/2023, TD Bank denied my case for the third time ( Case # XXXX, filed on XX/XX/2023 ). I have yet to receive mail regarding my second claim and the second denial review request. In addition, my requests to receive a call from the Claims Department and a copy of the documents used to review my case have not been fulfilled. A Card Service agent on XXXX XXXX informed me that the Claims Department is not cooperating with them regarding my case and refusing to call me. The Claims Department is also saying they are having trouble sending me mail. In addition, TDs Card Service team advised me to resolve the issue directly with the merchant, which I understand to be an unlawful course of action. As I understand it, TD Bank has a zero-liability policy and federal law states that consumers are not liable for more than { {$5000.00} } in charges that result from lost or stolen card information. TD Bank has not only falsely denied my claim, but its Card Service and Claims departments have not been transparent and consistent in their communications with me."
2023-06-21 00:00:00,Credit card or prepaid card,CAPITAL ONE FINANCIAL CORPORATION,FL,"In accordance with the Fair Credit Reporting act XXXX Account capital one, has violated my rights. 
15 U.S.C 1681 section 602 A. States I have the right to privacy.

15 U.S.C 1681 Section 604 A Section 2 : It also states a consumer reporting agency can not furnish a account without my written instructions 15 U.S.C 1666B : A creditor may not treat a payment on a credit card account under an open end consumer credit plan as late for any purpose"
2025-05-08 00:00:00,Credit card,GOLDMAN SACHS BANK USA,NY,"This regards complaint # XXXX Goldman Sachs Bank charged off and closed my account for no reason and with out any written or verbal notice they were doing so. The account was paid to date as agreed. You closed my last complaint because Goldman Sachs told you to even though they did not resolve anything. Please this seems to be illegal on their part. 
Original complaint : I have a credit card with Marcus a subsidiary of Goldman Sachs. My bill is paid on time by auto pay every month. I review my statement online each month to verify charges. When I went to review my statement on XX/XX/XXXX I saw I was not issued a statement on the 4th of the month. Upon further review it stated my account was closed without explanation and to call XXXX. I called and spoke to 5 different reps finally speaking to a supervisor ; XXXX XXXX who told me my account was charged off but could not tell me why. She said she would open an inquiry and someone would contact me. On XX/XX/XXXX after not hearing from anyone I again called and spoke to 6 separate representatives, some of them more than once as I was transferred 8 times. The results was that no one would give me the reason my account was charged off. They would not agree to correct it. They could not guarantee it would not be reported on my credit file. This is absurd. It's XXXX records are kept electronically and are available for instant review. I have no documents to attached because Goldman Sachs/Marcus never notified me by mail, phone or email of the fact that my account was to be charged off"
2023-12-30 00:00:00,Credit card,NAVY FEDERAL CREDIT UNION,GA,"I am writing to file a formal complaint against Navy Federal for denying my fraud claim, citing "" conflicting information, '' when the unauthorized charges were not made or authorized by me. 

On XX/XX/XXXX, I observed unauthorized charges totaling {$4200.00} on my Navy Federal credit card statement, prompting me to file a credit card dispute with the institution. However, to my dismay, on XX/XX/XXXX, I discovered that the provisional credit, previously issued for the disputed charges, was reversed due to "" conflicting information. '' I find it disconcerting that Navy Federal repeatedly fails to address unauthorized charges, creating an impression of ongoing negligence or disregard for their customers ' financial well-being. In response to the reversal of the provisional credit, I immediately filed an appeal and demanded a thorough investigation and reconsideration of this matter. Despite my efforts, Navy Federal has been uncooperative, even threatening to suspend my account.

It is my strong belief that Navy Federal is not upholding its obligations under the federal consumer financial law, particularly in regard to the proper handling of credit card disputes. As per the Electronic Fund Transfer Act, I am entitled to a prompt investigation of any unauthorized charges made to my account. Sadly, Navy Federal has failed to provide any supporting evidence for their "" conflicting information '' claim.

Therefore, I kindly request a comprehensive explanation of the findings regarding my dispute and a timely resolution of this matter. I implore the Consumer Financial Protection Bureau to intervene and hold Navy Federal accountable for their negligent practices, ensuring they adhere to federal regulations and provide fair and just resolutions for their customers.

Please do not hesitate to contact me should you require any further information or clarification.

Thank you for your attention to this matter. I trust that the Consumer Financial Protection Bureau will investigate my complaint promptly and take appropriate action to alleviate this unjust situation."
2024-01-28 00:00:00,Credit card,"Bread Financial Holdings, Inc.",NC,"Creditor has forward several letters stating that payment was not made to them, to submit proof payment, which has been provided to them several times. Proof of payment has been digital copy of check payment. Receipts from store location showing full amount of the transaction and bank statements showing payment was made to close the balance on the account. We have every letter receive from Comenity Capital Bank."
2023-07-13 00:00:00,Credit card or prepaid card,"BANK OF AMERICA, NATIONAL ASSOCIATION",NJ,The account is moribund. However I believe I am entitled to whatever settlement is being amassed as of the CFPB Press Release.
2025-01-08 00:00:00,Credit card,SYNCHRONY FINANCIAL,NC,"I mailed a check to pay off my Synchrony Lowes Home Improvement card in full and they received it XX/XX/XXXX. I even over paid and they issued a refund. I see today that I have a new balance and when I called because I made no new purchase Representative said it's due to new interest. I explained i paid in full should be no interest. She said that due to anti money laundering feature they won't post payments till XX/XX/XXXX so therefore system issued new interest on XX/XX/XXXX. I asked for a waive of interest as they show my payment received and it's not my fault they have such feature. She denied and said she submitted request snd was denied. However, I made a good faith effort to pay them off in time. The check i sent was from my closing attorney used from my bank refinance loan so no money laundering issue to be had."
2024-09-02 00:00:00,Credit card,JPMORGAN CHASE & CO.,VA,"I had to pay out of pocket for a benefit that was supposed to be included in my credit card. I call the customer service and they said there were changes. However, I never received any notification about changes to these perks, as you can see from the attached Letters and notice for XXXX. A bank agent mentioned that this change was communicated through an account statement, but this is misleading since account statements are meant for financial details and payment deadlines, not to hide changes to card benefits in fine print. I am requesting a refund in credit card or compensation for the same amount."
2024-01-05 00:00:00,Credit card,SYNCHRONY FINANCIAL,VT,"I received a letter from Synchrony Bank, dated XXXX XXXX XXXX denying a credit card application for a PayPal Credit Account that I never applied for. It stated that I requested to open an account on XX/XX/, which I did not do."
2025-08-28 00:00:00,Credit card,"CITIBANK, N.A.",VA,"I am writing to formally dispute and demand resolution for severe financial harm caused by Citis mishandling of my Best Buy credit card account. Despite later refunding an unauthorized withdrawal, Citis actions caused cascading financial devastation that continues to affect my family today.

Timeline of Events : - XX/XX/year>XXXX  : I received multiple emails from Citi confirming my minimum payment due was {$250.00}. 
- I called Citi and was assured no large withdrawal would occur and I had extra time to pay deferred interest. 
- Despite this, Citi withdrew {$3400.00} from my bank account more than ten times the stated minimum without authorization or notice.

- The funds were refunded more than a month later, but the delay triggered overdrafts, late fees, and further harm. 
Consequences : - Overdraft and late fees exceeding {$1000.00} - Loss of {$250000.00} life insurance policy due to nonpayment - Late reporting on vehicles, cellphone, rent, and utilities - Negative credit impact and ongoing financial hardship"
2024-07-10 00:00:00,Credit card,CAPITAL ONE FINANCIAL CORPORATION,OR,"I am a long term customer with Capital One, within CD, banking and credit card accounts. I had attempted to transfer some credit miles I earned on my card based on my loyalty with this bank. and my entire account was shut down for fraud in error. I immediately called the fraud office in the midst of my busy work day and was on hold for > 30 minutes providing my driver 's license and information. I was put on hold only to be told nothing can be done to reactivate my account and ensure my transfer miles are going to XXXX XXXX XXXX 
At this point, all I am asking is for this concern to be addressed asap as this is impairing my work and my travel plans. 
Case ID : XXXX. 
I have the company 's fraud department many times without resolution to my concern ( 5 calls so far ), multiple emails to executives of this company without resolution and I have payroll for my office due this Friday. Since I am not able to achieve a satisfactory resolution, I am now hoping CFPB can assist to get my funds back and for my miles to be deposited to the account I requested."
2023-05-31 00:00:00,Credit card or prepaid card,CAPITAL ONE FINANCIAL CORPORATION,OH,"Hello This month capital one closed all three of my credit cards. I had set up automatic payments and I went into the online portal to cancel them because it was supposed to be coming out of my checking ending in XXXX and not my capital one checking. I cancelled the payments in the system and I made my payments normally. Somehow the online system did not process my auto payment cancellation and continued to attempt to take payments out of an empty not in use capital one checking. I didnt find out about this until my account was closed. I received no calls. My account was closed because the online app was defective in cancelling the auto payment I set up. 

I have only had XXXX valid returned payment over a year ago from a XXXX  XXXX  account as that account was closed. I have never gone 30 days late on any of these accounts and I always paid my balance down. 

The automated online system did not cancel out the autopayment as requested. 

I am requesting that capital one reopen my accounts. 

Please."
2023-02-07 00:00:00,Credit card or prepaid card,BARCLAYS BANK DELAWARE,SC,"On XX/XX/XXXX I cancelled my Insurance Policy with XXXX XXXX with immediate effect and changed my insurance company to XXXX XXXX XXXX. My cancellation was processed by XXXX. During the term of my policy, my bill was paid by autopay to my Credit Card by Barclays Mastercard. The last autopay to my card was made on XX/XX/2023 for {$340.00}. XXXX refunded monies owed to me by check. Unfortunately XXXX processed a renewal for all my insurance policies without my request or approval on XX/XX/XXXX and charged my Barclay card for {$410.00}. I immediately called XXXX and they confirmed this was a mistake and that my policies were cancelled but they refused to reverse the payment from the credit card. They said they would have to send me a paper check. This was not acceptable to me as I would have to pay the credit card bill and I was not in a position to do so. I wanted them to reverse the charge. They said no so I attempted to dispute the charge with Barclays. I called Barclays and they told me that they could not dispute it while it showed pending, and that I had to wait until it cleared the account. I called Barclays again on XX/XX/XXXX, once the charge had cleared the account, and they told me I still could not dispute it for 15 days beyond XX/XX/XXXX because I had authorized it as a recurring charge. I said I had not authorized a recurring charge because I had cancelled by policies on XX/XX/XXXX and I did not give approval for XXXX to further charge my account. There is no current authorization in place for any recurring charge for XXXX. 

I was told by Barclays that I had to dispute the prior charge made in XXXX. This can not be the correct advise because 1 ) the change made in XXXX by XXXX was correct as my Insurance policies were in force at that time, as I did not cancel them until XX/XX/XXXX, and 2 ) The amount, should I dispute it, would be incorrect because I am disputing a charge of {$410.00} made on XX/XX/XXXX, not the charge of {$340.00} made on XX/XX/XXXX. There is little point in disputing a charge for which there was a recurring agreement in place for a correct amount when I want to dispute a charge for which there was NOT an agreement in place for an incorrect amount. I declined to dispute the amount charged in XXXX because that charge is not in dispute. I was told this was my only option or wait for 15 days. Barclays are advising me to incorrectly dispute a valid charge. How ridiculous. 

I asked the representative to show my the procedures that indicate a consumer may not dispute an incorrect, and fraudulent charge for 15 days and I explained this was the second time that I had called and this was not explained to me the first time. She told me it was coming up on the customer web page dispute screen. Well, that all well and good but I asked to see the written procedures that explain why I can't dispute a charge made to my account without authorization for 15 days because XXXX do not have any authorization from me to charge my account as I have no policies in force. I don't much care what a XXXX XXXX has written on a website screen. I'd like to know why I can't dispute a charge for which there is no recurring agreement in place, and I know there is no recurring agreement in place because I do not have any insurance policy in force with XXXX and I did not agree to them renewing my policy and charging my credit card, I'd like to know why I am being held to 15 days in order to report this fraudulent charge. 

I asked to speak to a supervisor and no supervisor was available. I was given a case number, and the charge remains on my account.

So 2 phone calls to Barclays and no resolution. And it would have got so messy if I had agreed to dispute the prior charge made in XXXX which is what I was advised to do."
2024-02-03 00:00:00,Credit card,U.S. BANCORP,MS,"In XXXX of 2023, I transferred a balance of {$15000.00} to USBank at an advertised interest rate of 0 % for 13 months. I paid a fee of {$590.00} to transfer this balance. In XXXX of 2023, I received my statement that showed a balance of {$17000.00} which included the balance transfer of {$15000.00} plus new purchases of {$1400.00}. I paid {$3300.00} to cover my new purchases plus a portion of the balance transfer. In XXXX of 2024, I received a bill for {$17000.00} which included {$3300.00} in new purchases and a balance of {$13000.00} on the balance transfer, plus {$31.00} in interest. I called and asked why I was being charged interest if I had paid all my new purchases plus a portion of the balance transfer the month before. The representative did not understand why I was changed interest and reversed the charge. I then paid {$4600.00} which covered all my new purchases plus a portion of the transferred balance. In XXXX, I received a statement for {$13000.00} which included {$1100.00} in new charges, {$12000.00} on the balance transfer plus interest of {$58.00}. When I called to ask once again why I was being charged interest, I was told it was because I was continuing to use the card and they were charging interest on new charges made after the statement date but before I make the payment. She told me that I simply didn't understand the terms of the offer. I feel this is a very deceptive practice. I have paid all of the new charges each month as well as extra to reduce the balance transfer. I was not given an option or any indication that I needed to pay more, or a way to apply the payment toward new purchases to avoid interest."
2024-08-12 00:00:00,Credit card,"Total Card, Inc.",TX,"My Total card account ending in XXXX, was charged a {$41.00} late fee and interest adjustment on XXXX. I was not late on my payment because I paid {$80.00} on XXXX. This company is always trying to added bogus charges to your account."
2023-03-07 00:00:00,Credit card or prepaid card,"Bread Financial Holdings, Inc.",FL,"A Victoria SecreXXXX Credit Card was reported stolen by perpetrator. This person called into Victoria 's Secret CC ( Comenity Bank ), changed my address, & email & had a card reissued to the address they provided once the card was physically received, they made purchases in person at Victoria 's Secret and their affiliate store, XXXX XXXX XXXX XXXX. According to VS FRAUD Dept, they were able to verify my DOB & last 4 of social in order to commit these fraudulent transactions. 

These transactions amounted to {$1600.00} ; they are 3 different transactions in the month of XX/XX/2023. I have opened a case today with Victoria 's Secret CC bank, Comenity ( no case # has been assigned yet ) & a police report with XXXX Police Department."
2025-07-08 00:00:00,Credit card,"CITIBANK, N.A.",MD,"Citi accepted a {$2500.00} deposit from me for a secured credit card after sending an approval email. After I submitted the deposit, I updated my mailing address. That address change triggered a system error on their end that reset or delayed my application. 

One supervisor admitted that this was a mistake on Citis part. Another supervisor contradicted that and told me I would need to restart the process and wait for a letter. I was hung up on four times when I requested clarification and was told conflicting stories with no resolution. 

Citi is currently holding my {$2500.00} without delivering the product I was approved for. This is not a misunderstanding its a clear case of breach of contract, mishandling of funds, and possible fraud."
2024-12-03 00:00:00,Credit card,JPMORGAN CHASE & CO.,NE,"On XXXX, I applied for a Chase XXXX XXXX credit card. My XXXX Report was then pulled by Chase Bank. 

My application was denied, so I called the reconsideration department to discuss why it was denied and if it could be reconsidered. 

They informed me that it could not be reconsidered as I had too many open accounts with Chase or too many recent Chase inquiries for credit. They also informed me that this step was a preliminary screening process, prior to a credit pull. This is false, as the credit pull does exist on my credit report and Chase did not evaluate my credit whatsoever when making this decision to deny my application."
2026-04-22 19:43:33,Credit card,GOLDMAN SACHS BANK USA,TN,"NOTICE OF DISPUTE OF INACCURATE REPORTING, MISAPPLICATION OF REPORTING CYCLE, AND DEMAND FOR REMOVAL OF LATE PAYMENTS Date : __________ To : Apple Card Services / Goldman Sachs Bank USA From : XXXX XXXX XXXX RE : XXXXnaccurate Credit Reporting and Improper Late Payment Reporting To Whom It May Concern, I am submitting this formal dispute regarding the inaccurate reporting of my account associated with the Apple Card.

BACKGROUND My account statement closing date is the 31st of each month. I consistently make payments prior to the statement closing date, ensuring that my account remains current and in good standing.

However, I have identified a serious reporting inconsistency : My account is reported accurately to other consumer reporting agencies based on the statement closing balance However, reporting to Experian is occurring off-cycle, approximately every three weeks This off-cycle reporting reflects new balances after the statement closing date, not the actual statement balance ISSUE Because of this improper reporting cycle : My account reflects higher balances than what is accurate at the statement closing date This creates the false appearance of increased utilization More importantly, it has resulted in late payment reporting that is inaccurate and misleading I do not make late payments. I pay my account in accordance with the billing cycle and prior to the statement closing date.

VIOLATIONS This conduct constitutes violations of the Fair Credit Reporting Act, including : 15 U.S.C. 1681e ( b ) : Failure to assure maximum possible accuracy 15 U.S.C. 1681s-2 ( a ) : Furnishing inaccurate information 15 U.S.C. 1681s-2 ( b ) : Failure to properly investigate disputed information Reporting balances outside the statement cycle that create inaccurate payment history is misleading and does not reflect my true payment behavior.

DAMAGES As a result of this inaccurate reporting : My credit profile has been negatively impacted My utilization has been artificially inflated My ability to obtain credit, including mortgage financing, has been adversely affected DEMAND FOR CORRECTION I hereby demand the following : Immediate removal of all inaccurately reported late payments associated with this account Correction of all reporting to reflect statement closing balances only Confirmation of the reporting schedule used for all consumer reporting agencies Written confirmation that my account will be reported accurately going forward NOTICE OF INTENT If this matter is not resolved promptly, I will : File a formal complaint with the Consumer Financial Protection Bureau File complaints with all applicable regulatory agencies Pursue legal action for damages resulting from inaccurate reporting FINAL NOTICE This is a matter of inaccurate reportingnot a billing dispute. I expect full compliance with federal law and immediate correction of my credit file. 
Sincerely, XXXX XXXX XXXX"
2025-07-01 00:00:00,Credit card,CAPITAL ONE FINANCIAL CORPORATION,MD,To whom it may concern I received a copy of my credit report and I found these items told be in error. By the provisions of the Fair Credit Reporting Act I'm demand these items to be investigated and removed from my credit report. Please remove any information that the creditor can not verify. I understand that under 15USC Section 1681i ( a ) you must complete this investigation within 30 days. Please send me an updated copy of my credit report. Thank you for your time. Below are the following accounts to be disputed : Capital One Platinum account # XXXX and account # XXXX - reports a credit increase from {$300.00} to {$600.00} and an increased total balance from {$190.00} to {$470.00} This information is not accurate according to Capital One.
2024-02-26 00:00:00,Credit card,CAPITAL ONE FINANCIAL CORPORATION,NY,"A charge was made to purchase concert tickets by my daughter on her cell phone using my credit card. The tickets were roughly {$440.00} a piece. We were purchasing two tickets. As the confirmation was done on my daughters phone, a disclosure of the fees charged from this company was not given. I didnt see the total price until I received a message from capital one asking if I made the charge. For the initial instant I replied Y and then immediately replied N realizing that the two ticks that should have cost {$880.00} plus reasonable fees was charging {$1100.00}. I called my capitol one credit card IMMEDIATELY to stop the purchase and this became an ongoing dispute. First they said I had to wait until the charge came out of the pending status. Capital One put a hold on the charge after it came out of pending. The day before the concert the company emailed the tickets to my email. The tickets you didnt want at that price to begin with. Then an hour before the concert the company took back the tickets because there was a hold on the charge. I had to repurchase tickets at the box office for another {$680.00}, However, Capital One is now upholding the charge for the tickets we never got."
2024-12-02 00:00:00,Credit card,"CITIBANK, N.A.",UT,"I purchased a washer and dryer set from HomeDepot.XXXX which was on sale for Cyber Monday. The total came to {$1700.00} and at the bottom of the checkout page it said : "" GET {$100.00} OFF* and pay {$1600.00} instead on your qualifying purchase, plus receive 6 months everyday financing** on purchases over {$290.00} when you open a new card ''. 

I clicked on the Apply Now button, went through the process to open a Home Depot credit card and when it brought me back to the checkout page and applied the {$100.00} off credit card promo it actually raised my total by {$100.00} to over {$1800.00}. 

I called Home Depot customer support and they put me on hold for a while to look into it. When the man came back on the line he said that I had a washer and dryer promo applied for {$200.00} off and I could not apply the {$100.00} off promo on top of that so it was removing the {$200.00} promo, applying the {$100.00} off promo and instead of dropping my price to the advertised {$1600.00} it was actually raising it to {$1800.00}. He said that the credit card ad appears at the bottom of all checkout pages and I can not get the {$1600.00} price advertised and offered me a 10 % off coupon for my next purchase. I declined the coupon and told him that I only applied for the credit card because it said my price would drop to {$1600.00} and I have no use for a Home Depot credit card and I want the card closed and credit pull removed from my credit history if they can not honor the advertised price. He told me to go ahead and do that. 


The website is purposely misleading and leads people to think they'll get {$100.00} off THAT purchase. It even said {$1600.00} in the ad! I take issue with that because they literally took my {$1700.00} cart total and deducted {$100.00} in the ad but then did not honor it or make it clear that I had a conflicting promo applied to my items. This is a clear "" gotcha '' to lure people into applying for their credit card. I've attached screenshots for reference."
2025-12-15 00:00:00,Credit card,"CITIBANK, N.A.",CA,"Purched on XX/XX/XXXX from XXXX XXXX {$210.00} XXXX  failed the delivery, I didn't receive the package. 

XXXX tracking number XXXX The package was sent back to the original address the seller sent to and delivered on XX/XX/XXXX. 

XXXX  doesn't want to refund my money. 
Citi Bank doesn't return the payment to me. 

I don't have the money and package. 

Citi Dispute XXXX"
2025-06-26 00:00:00,Credit card,"Bread Financial Holdings, Inc.",NM,"On XX/XX/XXXX, I paid my total account balance of {$520.00}, XXXX full weeks before the due date of XX/XX/XXXX. According to the company 's email response to my inquiry about additional interest and late fees, "" We provide this grace period from the billing date through the due date ( at least XXXX days after the close of the billing cycle ), as long as you pay off the balance in full. '' Based on this explanation, I should not have been charged any additional interest or fees after that payment in full. However, I was charged the following ( a snapshot of my account charges from their website ) : XX/XX/XXXX PAYMENT - THANK YOU - {$12.00} XX/XX/XXXX MINIMUM INTEREST CHARGE {$2.00} XX/XX/XXXX LATE FEE {$12.00} XX/XX/XXXX MINIMUM INTEREST CHARGE {$2.00} XX/XX/XXXX LATE FEE {$5.00} XX/XX/XXXX Interest Charge on Purchases {$5.00} XX/XX/XXXX PAYMENT - THANK YOU - {$520.00} As you can see, I paid {$12.00} on XX/XX/XXXX. As of today, XX/XX/XXXX, my account is now showing a balance due of {$14.00}. 
In addition, this account was closed by Comenity on XX/XX/XXXX due to a break between XXXX and XXXX XXXX, no fault of mine, so I have not been able to make any purchases using this card since then. 
I have attached a copy of email dialogue between myself and customer service."
2025-10-02 00:00:00,Credit card,"Continental Finance Company, LLC",AZ,"Purchased an item for {$450.00}. XXXX weeks goes by with no updates from merchant nor returned communications. I disputed the charge. Then the merchant shipped the item after I already told them I had disputed it. 

So I submitted the messages along with XXXX XXXX XXXX that showed he sent it after I told him I disputed it, shows, I refused delivery, and shows who signed for it once it was returned to the merchant.

Crealun filed the dispute as unauthorized. Which they knew was false as if it was unauthorized they would have immediately cancelled the card. So they ruled against me saying it was because it was an authorized charge. I filed an appeal and resubmitted all the information and that it was filed under product not received! There has been no update. Shows I have an outstanding balance. Ive called and spoken with a rep ( recorded line ). Still no update."
2024-10-23 00:00:00,Credit card,Synovus Bank,IL,"I AM A VICTIM OF IDENTITY THEFT, SOMEONE ELSE IS USING MY INFORMATION TO OPEN THIS ACCOUNT"
2025-11-11 00:00:00,Credit card,GOLDMAN SACHS BANK USA,CA,"Company : Goldman Sachs Bank USA ( Apple Card ) Product : Credit Card Issue Type : Incorrect information on credit report Date of Incident : XX/XX/XXXX Complaint : I am submitting this complaint under the Fair Credit Reporting Act ( FCRA, 15 U.S.C. 1681i and 1681s-2 ) regarding the inaccurate reporting of a XXXX late payment by Goldman Sachs Bank USA XXXX XXXX Apple Card account ( ending in XXXX ) for XX/XX/XXXX. 

I vehemently dispute the accuracy of this reporting and maintain that it is incomplete, misleading, and unverified. This alleged delinquency has adversely affected my creditworthiness, resulting in financial and reputational harm, including reduced credit scores and the loss of favorable credit terms. 

On XX/XX/XXXX, I mailed certified dispute letters to Experian, Equifax, and TransUnion, requesting verification or correction of this reporting. I also submitted a direct dispute to Goldman Sachs Bank USA, demanding that the company provide contemporaneous, verifiable records substantiating the alleged late payment. 

To date, I have not received sufficient documentation demonstrating that this information was accurately reported. Under the FCRA, a furnisher XXXX not continue to report disputed information that can not be verified as accurate. 

I am requesting that the CFPB XXXX this matter and ensure that Goldman Sachs Bank USA and all three credit bureaus comply with their statutory duties to : Conduct a reasonable reinvestigation of the disputed information. 
Provide complete documentation verifying the alleged delinquency. 
Delete or correct the inaccurate item if verification can not be established. 

I am also requesting that this erroneous entry be removed immediately to prevent further damage to my credit profile. 


Requested Resolution : Immediate deletion or correction of the XXXX late payment reported for XX/XX/XXXX. 
Written confirmation of the reinvestigation results. 
XXXX that no unverifiable or inaccurate information will continue to be reported."
2023-03-01 00:00:00,Credit card or prepaid card,"Bread Financial Holdings, Inc.",MA,"Dear COMENITYCAPITALBANKXXXX XXXX XXXX XXXX XXXX I was shocked when I reviewed my credit report and found late payment on the dates below : XXXX XXXX XXXX XXXX XXXX for 30-120 days.

I am not sure how this happened, I believe that I had made my payments to you when I received my statements. Also, with everything going on, particularly XXXX, being XXXX  with XXXX, loss of a family member lately, and loss of job, etc. My only thought is that my monthly statement did not get to me."
2025-07-11 00:00:00,Credit card,TD BANK US HOLDING COMPANY,KS,"My statement said the payment of {$68.00} was due by XX/XX/XXXX. I paid {$70.00} on XX/XX/XXXX. 

* When I got my XX/XX/XXXX statement, they had late fees and additional payment needed for a total of {$160.00}. 

The Target statement CLEARLY says Payment Due Date is always the first of the month, or in the above * case, XX/XX/XXXX. 

When I called Target XXXX XXXX, they said because of their practice of applying the payment, even though the XXXX payment was paid on XX/XX/XXXX. It did not apply it to the XXXX payment, and thus I was charged a late fee AND the XXXX payment of {$68.00} which I had already paid on XX/XX/XXXX. In total, they wanted me to pay {$160.00} in late fee and another {$68.00} payment ( which I had already paid ) plus the interest. They admitted they could see the XXXX payment had been paid on XX/XX/XXXX, BUT because of the way Target processes payments it did not reflect being paid for the XXXX payment, thus they want me to pay it again, plus the late fee and interest. 
I have a photo of the 2 statements showing the due date for this Target credit card, and my payment date. I am not late and I should not pay ANOTHER {$68.00} and a LATE FEE. They will not make the correction, even though it shows I paid XXXX 's payment on XX/XX/XXXX, prior to the due date of XX/XX/XXXX. 
They just keep saying Target processes it differently. I always pay Target on the Target website, it records it the moment that I pay it, and my payment for XXXX was paid on XX/XX/XXXX, before the Due Date of XX/XX/XXXX. The minimum payment due was {$68.00} and I paid {$70.00}. 
I can not get them to correct this and to take off the LATE FEE, and not bill me for another XXXX payment, because I paid it already on XX/XX/XXXX."
2023-02-15 00:00:00,Credit card or prepaid card,U.S. BANCORP,CA,"On XX/XX/XXXX, I placed an order with XXXX in the amount of {$170.00} which was not delivered. ( Order # XXXX ) XXXX tracking ( XXXX ) shows it was returned to the sender. XXXX did not notify me of the issue. The item was a XXXX gift and I did not become aware of the issue until XX/XX/XXXX. This FIRST order included a credit of {$21.00}. On XX/XX/XXXX I placed a SECOND order ( Order # XXXX ) for a similar item in the amount of {$170.00} so that my daughter could have her XXXX gift, and this item was delivered on XX/XX/XXXX. I contacted XXXX and asked for a refund for the first purchase. They also agreed to apply the previous credit TO THE SECOND ORDER. They immediately issued amount of the credit to the second purchase, XXXX ( XXXX plus CA sales tax ) because the original purchase had this discount. However, they said they would not issue the refund of {$170.00} until they completed an investigation with the shipper. XXXX at XXXX ADVISED ME TO DISPUTE THE CHARGE. The Performance Lead ( XXXX ) at XXXX documented these statements in an email which I provided to my credit card company with my other documentation. XXXX still has not refunded the full amount of the undelivered purchase because apparently they have no internal system of dealing with their errors. The credit card company ( Fidelity Investments through Elan Financial Services ) is taking XXXX 's word that the refund of {$21.00} was towards the FIRST order rather than the SECOND and will not refund the full amount. I am asking that I be made whole in my dealings with XXXX, a company which has not followed through on its commitments and has no internal processes to protect its customers from unnecessary grief and hardship due to their sloppy and incompetent performance. The FTC says the seller of an item which is not delivered must refund the payment to the buyer and deal with the shipper separately. XXXX is in violation of this law. I provided Elan Financial Services with FULL DOCUMENTATION on this matter, including email, purchase receipts, and tracking information, and they still have not issued a complete temporary credit to my account while they wait for XXXX to approve the credit. I am asking that Elan Financial Services properly apply the {$21.00} credit to the SECOND Vitamix charge and refund the ENTIRE {$170.00} for the UNDELIVERED FIRST PURCHASE. 

I paid for a replacement gift for my daughter because of the XXXX holiday. Otherwise, I would have waited to work out the details with XXXX over the phone before placing a second order. No one answered the phone at XXXX when I decided to place the order in the hope that the item would arrive while we were still visiting with my daughter. Needless to say, it took XXXX weeks for delivery, so all was in vain. Just because the XXXX order was never delivered does not erase that credit."
2024-07-21 00:00:00,Credit card,"CITIBANK, N.A.",WA,"I never have had the chance to get a city bank card. So here 4 years later, I am being charged for a debt that's not mine. XXXX. How can this be repaired?"
2023-01-19 00:00:00,Credit card or prepaid card,AMERICAN EXPRESS COMPANY,FL,"On XX/XX/XXXX ( pre-pandemic ) I used my American Express Delta SkyMiles Reserve card ( ending XXXX ) booked a XXXX XXXX XXXX XXXX XXXX XXXX XXXX XXXX XXXX XXXXXXXX 

The trip was originally scheduled for XXXX XXXX XXXX but then the pandemic hit. We delayed the trip twice, ultimately rescheduling our stay to XXXX XXXX XXXX XXXX XXXX XXXX XXXX 

We arrived to the hotel and it was not as advertised in photos etc. The room ( and entire hotel ) were in complete disrepair and everything was filthy. This was a premium-rate hotel for XXXX XXXX XXXX XXXX the conditions were uninhabitable. My husband and I couldn't even get through the first night, as the disgusting mattress was completely worn and impossible to sleep on plus there was no heating. 

At XXXX we began a search for another hotel but almost everywhere was booked due to the XXXX XXXX We finally found a place for the following night and informed XXXX XXXX XXXX management that we'd be checking out immediately. Unfortunately the new hotel was only available that one night, so that following night we had to move to yet another hotel. Then a couple days later needed to change rooms again due to unavailability. By the end of our XXXX XXXX XXXX we had stayed in a total of XXXX hotel rooms, which was not the XXXX XXXX we had in mind. 

We had corresponded directly with XXXX XXXX XXXX XXXX XXXX and email to demand a full refund, but even after acknowledging all the problems, all they were willing to offer was a completely free stay at one of their other properties. But why would we entrust the time and expense of another trip with a hotel who'd already proven to be disreputable. 

Anyway, all of this was thoroughly reported when I disputed the original transaction of {$2900.00} ( XX/XX/XXXX ) plus a disputed second transaction of {$600.00} ( XX/XX/XXXX ) from when we added a night to our stay before knowing what was to come. All documents, transcriptions, and photos were provided with the disputes. 

While the {$600.00} transaction dispute is still "" pending investigation '', the original {$2900.00} transaction dispute was rejected because American Express "" did not receive it within the required 60-day period ''. But how could I dispute a transaction for a hotel stay within 60 days if I've not even stayed there yet? What are the benefits of using my American Express card if they're not even protecting me? No one from American Express even bothered to make any attempt to contact me with further questions or anything. 

Overall American Express ' customer service, particularly with serious matters like disputes, has gotten so sloppy and time-consuming to deal with. I literally spend countless hours of my time trying to get anything resolved. So here I am complaining to the CFPB."
2026-05-21 18:40:40,Credit card,JPMORGAN CHASE & CO.,WA,"Clutch failed on a XXXX XXXX rented from XXXX XXXX  in XXXX XXXX. Contract period XX/XX/XXXX to XX/XX/XXXX. Failure date XX/XX/XXXX at about XXXX XXXX  Normal driving on hilly terrain on clean, dry asphalt on XXXX XXXX near XXXX XXXX. Had to abandon the car at a XXXX XXXX eating establishment to find a place to sleep. Found that after an hour-long, hitch-hiked ride. 

The next day, XX/XX/XXXX at about XXXX XXXX  I was able to reach XXXX XXXX in XXXX and made arrangement for a tow and a replacement car. I would have to be at the car for the exchange. I took a bus and arrived comfortably before the appointed time to find the car already gone and no replacement car. I called XXXX XXXX and was now told that I would have to pay {$2800.00} to have a car brought to me. I was told that this was to cover repair expense if I was found negligent. I, and another with me, were stranded. I was under duress to accept the charge. 

I gave my credit card issuer, Chase, a heads up. I could not yet dispute the claim as it had not yet posted. Their rule. I did receive a {$2800.00} credit about a week later, and assumed XXXX XXXX had become reasonable. It turned out to be Chase that had reversed the charge. They solicited input from XXXX XXXX but not from me. They decided in XXXX XXXX XXXX favor based on the 6-page Exhibit 2 ( enclosed ) ; although this paperwork has no statement of actual cost and no reference to the {$2800.00} amount. The {$2800.00} charge was assessed before XXXX XXXX even had the car in their possession for inspection or repair. 

Chase did not consider my later appeal of their decision which I faxed to their office on XX/XX/XXXX ( enclosed 2-page Exhibit 3 ). They claim that I did not get this to them in time, and that the case is closed and can not be reopened. Their XXXX decision letter ( enclosed Exhibit 1 ) does not communicate a deadline for appeal. 

My complaint is that Chase, instead of hearing and giving due consideration to my case, is siding with XXXX XXXX who has presented a largely unsubstantiated claim that I owe them {$2800.00}. I expect more from Chase, as do their other customers who are vulnerable to certain merchants."
2024-08-13 00:00:00,Credit card,CAPITAL ONE FINANCIAL CORPORATION,PA,"I received an email from my Capital One Business account indicating that my minimum payment was under the minimum amount that I had owed. I called Capital One Business and it was stated that there were emails that were sent to me on XX/XX/XXXX, and XX/XX/year>. I checked my email and explained that I did not have any email from my Capital One Business account except for a payment. The representative research their account and confirmed that they did not send out the notification, but the process still continued and my account was closed without my knowledge. I called and spoke to their senior account supervisor who research for the 3rd time and stated that in XXXX they sent me notification and again, we researched and there was no notification. At this point, I am not sure what Capital One Business was trying to imply. I only was told that there was noting they could do. I explained that based on their mistakes, my account is closed. It was not due to missing payments, but due to their neglect to send out the proper notification. I am frustrated and a scared because I have 3 other Capital One accounts. Please let me know what I can do. This is unfair. Also I was told that I could not speak to anyone over the Senior accountant Supervisor."
2023-03-02 00:00:00,Credit card or prepaid card,CAPITAL ONE FINANCIAL CORPORATION,NJ,"THEY KEEP CHARGING ME 40 FEES & INTEREST AT THE SAME TIMES. 
TOO MUCH FEES AND INTEREST."
2026-02-03 00:00:00,Credit card,"BANK OF AMERICA, NATIONAL ASSOCIATION",CA,"I filed a dispute for a charge related to a merchant shipping failure. The merchant promised free shipping but used an invalid XXXX label and failed to pay postage. XXXX required me to pay {$8.00} postage due to receive my package. The merchant admitted fault in writing and promised reimbursement but never issued the refund. 

My bank denied the dispute after the merchant responded, but I was never given an opportunity to submit my evidence or rebut the merchants response. The denial appears to have been based on incomplete information and an incorrect dispute classification. This was not a merchandise dispute it was a shipping failure and a failure to honor a promised refund. 

Today ( XX/XX/year> ), I attempted to contact the bank by phone to appeal the dispute. After a long wait, a callback after XXXX minutes, and a call transfer, I was placed on hold again for over XXXX minutes and could not reach a representative. I am unable to update the claim online and the chat system provides no assistance."
2024-09-28 00:00:00,Credit card,SYNCHRONY FINANCIAL,PA,"Recently, Synchrony Bank took over the handling of Lowes credit cards. In late XXXX, I received notice that they were stopping paper statements being mailed to Lowes customers. I protested this to Synchrony, and said it would cause missed and delinquent payments due to lack of proper notice. This was to no avail. If I did not stop paper statements and go to on-line payments and statements by a date certain, I was to be charged {$1.00} for paper statements if I didnt go electronic payments on-line. This was/is an unlawful extortion cost/tax/interest rate to put everyone on electronic billing under threat of an arbitrary {$1.00} charge. Its not as if Synchrony and/or Lowes doesnt get its blood through 34 % interest ( more than loan-sharking ) on its credit cards. 
As I predicted, it caused me to miss 2 payments on time ( 1-2 days late ) because I was busy or on vacation. I was never late before. I always paid a day or more early because I had the paper statements. I do not use automatic payments because I would wind up paying the minimum and forget to pay larger payment amounts. Normally I paid anywhere between XXXX XXXX XXXX payments per month when I had the extra money. 
I just recently purchased two ( 2 ) toilets from Lowes at over {$700.00}. I also purchased several XXXX XXXX  in fence posts and concrete cinder blocks. Earlier in the year, I had purchased over 100 bags of mulch when they went on sale. My wife goes to Lowes and buys flowers, window blinds, and other home improvement purchases for our house. We bought three ( 3 ) ceiling fans during the summer to replace the old fans. When we moved from New Jersey to Pennsylvania last year ( XX/XX/XXXX ), we purchased over 100 moving boxes and over a dozen large plastic tubs to pack our household items in for the move. I spent close to {$1000.00} for moving materials we purchased from Lowes. As a result of my active purchases with Lowe 's, I received a new card from Lowe 's. The card was a MyLowe 's Rewards credit card with the expiration date of XX/XX/XXXX ( 10 years ). Obviously, they wouldn't give out a 10-year expiration date if I didn't have excellent credit, and conducted a lot of business, with Lowe 's . 
On XX/XX/XXXX, I received a letter from Synchrony Bank saying they were lowering my MyLowe 's Rewards credit card credit limit to {$1900.00} from {$8600.00}. This immediately threw me over the limit since I had just over {$2000.00} in recent purchases on my Lowes card. According to Synchrony Banks computer-generated letter, it is because I missed my XX/XX/XXXX payment. This was the first time I was delinquent ( by only 6 days in over 25 years ) on a payment. Since I did not get notified that payment was coming due within a certain time frame, I missed the payment deadline. 
Synchrony used all kinds of excuses to validate their decision, saying I lacked real estate secured information. XXXX XXXX XXXX XXXX XXXX XXXX XXXX XXXX XXXX XXXX XXXX XXXX XXXX XXXX XXXX XXXX XXXX XXXX XXXX. They also said I had too many accounts with high balance compared to credit limit, too many bankcards with high balance compared to credit limit ( redundant statement ), and delinquent or derogatory accounts. 
None of these issues applied to my Lowes card credit limit. My Lowes card had an {$8600.00} balance with around {$2000.00} in purchases on it. Lowes card IS NOT a bank card. Any delinquency or derogatory account is NOT with Lowes. 
I would also bring to your attention that Synchrony Bank, two days earlier on XX/XX/XXXX, also cancelled my Lumber Liquidators ( LL ) Flooring credit card that had a {$6800.00} credit limit on it. I had no purchases on that card, but they used the same irrelevant, irresponsible excuses to cancel the card. 
One month earlier ( XX/XX/XXXX ), Lumber Liquidators filed for XXXX XXXXXXXX Bankruptcy and closed ALL of its stores because they couldnt find a buyer. The reasons for bankruptcy, LL Flooring cited a number of factors, including a decline in consumer spending on home improvement, decreased discretionary buying, and a shift in how customers spend. The company also cited inflation and rising labor costs. 
Synchrony defamed/slandered/libelled me by cancelling my LL Flooring credit card under a dubious circumstance, and then fraudulently reporting me to the credit reporting agencies as a credit problem. Synchrony ( and by extension, Lowes ) has again fraudulently reported me to the credit reporting agencies as a credit problem. This violates the Federal Fair Credit Reporting Act ( FCRA ), 15 U.S.C. 1681 et seq. and probably violates the Federal Debt Collection Practices Act ( FDCPA ), 15 U.S.C. 1692 et seq.

Presumably, Lowes transferred their credit card accounts to Synchrony Bank several years ago to reduce costs and increase profits. It has resulted in what can only be described as extremely poor customer service by both Lowes and Synchrony. Given that many Lowes customers use a Lowes Rewards Card, such as myself, Sychronys actions harmed me.

I was in the process of looking at purchasing a new stove, as well as other high end appliances. I was considering making a purchase of a riding lawnmower in the spring XXXX XXXX XXXX XXXX XXXX XXXX XXXX XXXX XXXX. This has all been shot down by Synchrony Banks arbitrary and capricious lowering of my credit line with no valid rhyme or reason, through a computer-generated notice-letter. 
I have heard complaints by other customers, friends and family, about this arbitrary reduction in credit limits, especially when attempting to purchase a large appliance, building materials, riding lawnmowers, snowblowers, etc. This arbitrary, capricious act will result in this XXXX year customer to shop elsewhere and report this problem on social media. During these financially difficult times, companies are closing up, downsizing, and are seeking any way to increase their bottom line. Synchrony 's actions are the antithesis of that. 
I am respectfully requesting that you or someone you direct, having authority to deal with and contact Synchrony Bank, contact them to reinstate my Lowes credit limit of {$8600.00}. Arbitrarily lowering my limit to {$1900.00} harmed me credit wise and threw me over the limit on my Lowes account. In addition, it damaged my credit rating."
2024-04-18 00:00:00,Credit card,Experian Information Solutions Inc.,PA,"I have always made sure that payments on this account are made in a timely manner, never allowing them to become overdue. I am unsure about the reasons for reports of late payment remarks on my accounts. According to 15 USC 1666b - Billing Error, corrections should be made."
2025-05-29 00:00:00,Credit card,Zip Co US Inc.,MI,"Subject : Final Demand for Account Adjustment and Refund Violation of Federal and State Consumer Laws To Whom It May Concern, This serves as a formal escalation related to ongoing account and billing issues stemming from transactions made via ZIP Pay.

Zip Pay has acted not in good faith, refusing to resolve billing disputes. My requested resolution has been met with dismissiveness, resistance, and inconsideration. 

Zip Pay responses misrepresents the facts and refuses to acknowledge the technological errors that created the problems. Furthermore, failure to address direct concerns, while continuing to send automated emails about freezing my account and reporting my account to collections, has only worsened the situation. 

Facts 1. Unauthorized Payment Caused by ZipPay System Error On XX/XX/year>, ZIPs platform processed a payment on an unintended card, after I attempted to update my payment method. Your system error led to this charge, and I contacted ZIP immediately to correct it. You acknowledged my attempt to update the payment method but refused to reverse the paymentdespite your internal failure being the cause.

2. Inappropriate Threats and Harassment Since this issue began, ZIP has sent me automated warnings via that my account is frozen or at risk of going to collectionseven while your team was actively reviewing my complaint. This harassment, in light of your negligence, is not only unprofessional but legally questionable. 

I have been a loyal customer for several years and have never previously defaulted on any payments. The only reason I fell behind is because your team failed to update my account in a timely manner and refused to reverse the consequences of your mistakes. 

After further reflection and review of all communications, we have found ZipPay to be in Violation of Consumer Protection Laws.

Zip Pays conduct constitutes violations of several federal and state consumer protection laws : 1. Fair Credit Billing Act ( FCBA ) Under 15 U.S. Code 1666, consumerd have the right to dispute billing errors and withhold payment on defective services without penalty while the creditor investigates. failed to properly investigate and resolve billing disputes in a timely manner, continuing to issue charges for services I could not use. 
XXXX  XXXX XXXX XXXX XXXX XXXX ( XXXX ) ( u ) It is unlawful to fail to promptly correct billing errors and to cause confusion or mislead consumers about their financial obligations or rights.

FTC Act Section 5 ZIPs refusal to resolve the issue, continued system errors, and lack of communication constitute deceptive and unfair practices likely to cause financial harm.

Dodd-Frank Act ( UDAAP ) Prohibits unfair, deceptive, or abusive acts. Your refusal to address billing errors, delays, and account restrictions falls under deceptive and abusive financial practices.

Electronic Fund Transfer Act ( EFTA ) Charging a card without my consent, and failing to correct this issue after notification, violates my right to authorize electronic payments and dispute errors. 
Michigan XXXX XXXX XXXX ( XXXX ) Your misrepresentation, failure to deliver services, and unfair billing practices violate my rights under state law."
2024-03-15 00:00:00,Credit card,GOLDMAN SACHS BANK USA,MA,"Apple and Goldman Sachs denied me credit based on my age. 
I have an XXXX credit score and their reason, for denial of credit is bogus. 
The reason they gave was that they could not verify my identity. 

Apple and Goldman Sachs could have called me. Goldman Sachs has in fact already has a meant to verity my identity. They chose not to, as I have an account with them and they accepted my identity on another instance, where there was no risk as I was depositing funds. 

Apple also has my identity as I have an I phone  and XXXX shared with apple  that I had purchased two I15 phones on XXXX credit."
2024-06-19 00:00:00,Credit card,"Prosper Marketplace, Inc.",CA,"On XX/XX/year>, I made a payment to my Prosper credit card online, as I have always done. The payment exceeded the minimum amount due, and the due date was XX/XX/XXXX. On XX/XX/year>, I noticed that the payment had not cleared my bank account. Upon checking my online account, it indicated that the payment was processed on XX/XX/XXXX and that my account was in good standing. 

I contacted Prosper customer service and spoke with representative XXXX. ( Note : All calls are recorded for quality assurance and training purposes. ) XXXX informed me that the payment was returned on XX/XX/year>. When I inquired about the reason, she stated she did not know. I also asked why I was not informed of this, to which she replied that it was not their responsibility. She further stated that I would be charged a returned check fee and a late payment fee. When I expressed my dissatisfaction, she abruptly ended the call. 

I called back and spoke with another representative, XXXX, who informed me that my account was now restricted due to the returned payment and that nothing could be done until I made another payment from a different bank account. Unfortunately, I do not have another bank account. When I asked again why the payment was returned, she said she did not know and that they could not find out. She then ended the call. 

I contacted my bank, XXXX XXXX XXXX, which recently took over XXXX XXXX XXXX XXXX XXXX on XX/XX/year>. After spending two hours investigating, my bank determined that Prosper, either through their software or manual processing, omitted the first XXXX zeros of my account number, rendering the account unidentifiable and causing the payment to be returned. 

I contacted Prosper again and spoke with representative XXXX, requesting to speak with a manager. She transferred me to a supervisor named XXXX. I explained the situation and my bank 's findings. I made another payment online that same day. XXXX stated that it is their policy to restrict accounts and charge fees regardless of fault. He mentioned he would submit a ticket for investigation but that the fees and restriction would remain. The ticket number is XXXX XXXX 

On XX/XX/year>, I received an email from Prosper stating that they had conducted an investigation and confirmed the payment was returned without providing a reason. They maintained the restrictions and fees, closing the case. I responded, pointing out that my payment was not late until XX/XX/XXXX, so no late fees should apply. The payment was returned due to Prosper 's error in processing my account number. Despite this, they are penalizing me with fees and restrictions. 

In response, Prosper reiterated that the restrictions and fees would remain and closed the case. I informed them that I would be filing a complaint with the Consumer Financial Protection Bureau. Representative XXXX then indicated that if I did so, they would close my account and demand immediate full payment of the balance. This response appears to be retaliatory for reporting and refusing to accept responsibility for their actions."
2024-07-25 00:00:00,Credit card,JPMORGAN CHASE & CO.,WA,"My complaint is about not being able to opt-out of spam marketing related to my Chase credit card. 

My time is precious and I should be able to opt-out of all marketing related to ( financial service ) business I have a "" relationship '' with. I do have a Chase credit card. I do not want Chase spam. 

Reputable companies include a link at the bottom of their spam allowing a recipient to manage which emails are sent to them. Chase does not. They should. 

Here 's what's at the bottom of the "" Good news : XXXX, you may qualify for more spending power if you update your income '' email I received ( and should not have received because I'm the consumer and I should be in control. ) NOTE : notice there are no links to unsubscribe or manage which communications I received - XXXX XXXX should be hauled in front of a congressional inquiry to answer for why his company does this. Seriously. Treat the consumer with greater respect and empowerment or don't do business in the XXXX. When I went to the chase.com/CustomerService, I wasted more time looking for the unsubscribe/manage communications link. It's not there and should be included directly in the email anyway even if it is buried somewhere on chase.com Email Security Information : Email intended for : XXXX For your account ( XXXX ) ending in : XXXX If you have concerns about the authenticity of this message, please visit chase.com/CustomerService for options on how to contact us. 

* TERMS AND CONDITIONS : Credit Limit : We may also refer to your credit limit as your credit access line or your credit line. 

ABOUT THIS MESSAGE You have received this email to give you updates and information about your Chase relationship. 

This email was sent from an unmonitored mailbox. Go to chase.com/CustomerService for options on how to contact us. 

Your privacy is important to us. See our online XXXX XXXX to learn how to protect your information. 

Chase XXXX XXXX, XXXX XXXX XXXX, XXXXXXXX XXXX XXXXXXXX. 

JPMorgan Chase Bank , N.A . XXXX FDIC 2024 JPMorgan Chase & Co . 

XXXX"
2024-08-01 00:00:00,Credit card,SYNCHRONY FINANCIAL,PA,"I made a typographical error paying Synchrony Bank for TJMX credit card, amount due {$360.00} was sent as {$360.00} XXXX bill, paid on time. Charged {$15.00} XXXX bill and XXXX XXXX bill for XXXX XXXX  error. Contacted Synchrony Bank and said they will not make any adjustments even though I always pay my bills in full, on time for many years on TJMX credit card. I will no longer use this card and TJMX will lose a good paying customer due to unfair business practices of Synchrony Bank"
2026-02-17 21:26:47,Credit card,CAPITAL ONE FINANCIAL CORPORATION,VA,"In 2025, I was added as an authorized user on my fathers Capital One Venture credit card. Capital One later restricted that account due to identity verification issues with my father. He has attempted to provide the requested documents multiple times, but Capital One has not accepted them and the account remains restricted. 

Later in XX/XX/year>, I opened my own Capital One Venture credit card in my own name. My account is active and in good standing, and I am able to use the card.

However, Capital One has linked my personal profile to the previously restricted authorized user account. Because of this, I am unable to access my own online account or mobile app. I can not view my statements, manage my account, or access or redeem my rewards.

I have contacted Capital One several times and provided all requested information. I was told my access can not be restored unless my father resolves his separate restricted account. I do not have control over that account and should not be denied access to my own account because of another persons account.

I am requesting that Capital One separate my account from the authorized user account and provide me full access to my own Capital One Venture account."
2025-09-04 00:00:00,Credit card,CAPITAL ONE FINANCIAL CORPORATION,CA,"XX/XX/XXXX Rented vehicle from XXXX ( XXXX ). 
XX/XX/XXXX Returned car on time as per reservation. Dropped keys in airport XXXX XXXX XXXX  ( per XXXX staff instructions ). Vehicle undamaged, fuel at original level. ( Page XXXX XXXX XXXX XXXX XXXX  XX/XX/XXXX XXXX falsely marked this as the return date, despite me no longer being in XXXX. Flight Itinerary showing I had left XXXX on XX/XX/XXXX ( Page XXXX ) Early XX/XX/XXXX XXXX charged my Capital One card {$580.00} and {$1000.00}. No receipts, invoices, or explanations were provided. 

XX/XX/XXXX I contacted XXXX multiple times. They claimed that if a key was lost, I should file a police report, yet I returned the key as instructed. They also indicated they retrieved the key on XX/XX/XXXX. They never clarified the specific charges and eventually stopped responding. If the charges are for a lost key, why am I being charged if they couldnt find a key in their own office when it was dropped off in the designated After Hours XXXX XXXX hole? 

XX/XX/XXXX I disputed the charges with Capital One, providing photo evidence and odometer documentation. Capital One initially closed the dispute on XX/XX/XXXX citing insufficient documentation, however I do not have any statement for the {$580.00} and {$1000.00} charges since they never notified me of these charges. 

This was booked via capital one travel and they have failed to help me"
2023-03-08 00:00:00,Credit card or prepaid card,"Bread Financial Holdings, Inc.",CA,"I'm disputing the folowing : I have made the purchase with Kay XXXX  on XX/XX/XXXX. The total amount is {$1800.00} Per their policy, item can be return within 30days or exchange within 60 days. 
I returned the item after 20days, on XXXX XXXX XXXX 
Few days later, I receive the statement ask to pay full amount {$1800.00} for the purchase that I have returned. I called the customer service and explained to them about that and they told me they will remove the charge. The Next month, I received another statement billing me the '' Late fee "" because I didn't pay the previous statement. Kay XXXX / Comenity Capital bank did it over 10 months, keep billing me the late fee. I called their customer service and talked to many agents. They promised to remove the fee, but they never did. I sent the email to Comenity Capital bank on XXXX XXXX XXXX  ask for investigate. They replied me back on XX/XX/XXXX and mentioned they have receive my letter and start to investigate within 90 days will get the resolve. 
I haven't heard from them any update, but still received the statement charged for Late fee add up and due date for payment is XXXX XXXX XXXX Then I called them back on XXXX XXXX XXXX to ask. And their agent told me that the charge fee has been removed on XXXX. I asked them sent me the letter to confirm that it has resolved. 
They wrote a letter on XX/XX/XXXX and sent out to me after I called them on XX/XX/XXXX, replied to me that the balance is XXXX now. They didn't mentioned the debt just sold to a new collector is XXXX XXXX XXXX XXXX XXXX on XX/XX/XXXX until the XXXX letter they sent out on XXXX XXXX XXXX 
I don't think it right, when the case still under investigate, but they hide to sold my debt to another collector without the resolved or answer back to me. It is hurt my XXXXedit score when my credit report showing charge off/ written off, and will stayed there for 7 years until XX/XX/XXXX."
2024-02-01 00:00:00,Credit card,DISCOVER BANK,WI,"I applied in good faith for a credit card with Discover in XXXX. I was denied my own account because of an account my husband has opened under his name. 
I believe this is in violation of the Fair Credit Opportunity Act.

1691. Scope of prohibition ( a ) Activities constituting discrimination It shall be unlawful for any creditor to discriminate against any applicant, with respect to any aspect of a credit transaction ( 1 ) on the basis of race, color, religion, national origin, sex or marital status, or age ( provided the applicant has the capacity to contract ) ; ( 2 ) because all or part of the applicant 's income derives from any public assistance program ; or ( 3 ) because the applicant has in good faith exercised any right under this chapter.

( b ) Activities not constituting discrimination It shall not constitute discrimination for purposes of this subchapter for a creditor ( 1 ) to make an inquiry of marital status if such inquiry is for the purpose of ascertaining the creditor 's rights and remedies applicable to the particular extension of credit and not to discriminate in a determination of credit-worthiness"
2023-06-14 00:00:00,Credit card or prepaid card,TRUIST FINANCIAL CORPORATION,VA,"I received a letter XX/XX/XXXX that my application for credit card through Truist Bank, where I have a checking account, was denied. The letter gave a contact phone number to request reasons for denial. I called it XX/XX/XXXX and was told I had to call back the next day which I did. On that XX/XX/XXXX call, I requested reasons for denial and was told I would receive an Adverse Action letter within 30 days. Still no response as of XX/XX/XXXX, I called the contact number. The rep said she could see my request of XX/XX/XXXX was logged in but could not see that a response letter had been sent to me. I notified her that they were in violation of the ECOA and FCRA. She said she would check the status and call me back. I have never received a call back or explanation for the credit denial. On XX/XX/XXXX I mailed a letter to them providing this same summary and written notification that my ECOA/FCRA rights have been violated and copied CFPB. I expressed concern that I was discriminated against because I am a retiree who relies on my substantial assets in lieu of employment income, that their lack of compliance with Federal regulations furthers my discomfort and that I look forward to their written response. To date, I have received no response from them."
2025-05-02 00:00:00,Credit card,GOLDMAN SACHS BANK USA,MI,"I paid off my full Apple Card balance in XX/XX/year> with the following payments : {$3200.00} on XX/XX/year> {$20.00} on XX/XX/year> {$120.00} on XX/XX/year> {$49.00} on XX/XX/year> These payments brought my balance to {$0.00} each payment, and the XXXX XXXX  confirmed that no interest would be charged. I monitored the app throughout the month and ensured that the balance remained at {$0.00}. However, on XX/XX/year>, I was still charged {$16.00} in interest. When I contacted Apple Card support ( Goldman Sachs ), they refused to reverse the charge, saying I had already used my one-time courtesy waiver in the past. This is extremely misleading and unfair. I was told no interest would be charged, I had no balance due, and yet I was penalized with finance charges. I paid everything on time and out of pocket, and kept my balance clear the entire time. I believe this constitutes deceptive and unfair billing and may violate the Truth in Lending Act. I am requesting a full refund of the {$16.00} and a formal investigation into Apple Cards interest charge practices. 

I expect a full refund of the {$16.00} and a timely explanation. If this issue is not resolved promptly, I will consider pursuing additional legal action or filing with other regulatory agencies."
2025-07-17 00:00:00,Credit card,CAPITAL ONE FINANCIAL CORPORATION,FL,"Capital One reported a 60-day late payment on an account I was completely unaware of. I did not apply for a new Capital One card, did not activate or use the one they issued, and was never made aware that I had a balance. 

Capital One stated they took over Kohl 's store credit card in XXXX of XXXX. However, I was still actively using and making payments on my Koh 's account via the Koh 's app through the end of XXXX, and that app showed a {$0.00} balance. I had no knowledge that the account had been transferred to Capital One, not that any balance remained. 

Capital One held the balance, applied interest and late fees, and ultimately reported the account as delinquent without sending email or phone communication. Capital One stated they mailed paper statements, but I never knowingly received billing communications or recognized them as tied to an active account, especially because I had elected into electronic statements for my Kohl 's store card and actively monitored the balance via the Kohl 's app. I had no reason to expect a Capital One card or balance, as I did not activate or use any such card. They confirmed they had my accurate phone number and email, but never used them to notify me of any balance or missed payment. 

I only became aware of this issue when my bank alerted me to a drop in my credit score, down XXXX points from XXXX, due to the reported delinquency. I paid the full balance immediately upon discovery and called Capital One multiple times, but no resolution was offered. I requested a goodwill adjustment and was told this could not be done due to the Fair Credit Reporting Act ( FCRA ).

This is a misrepresentation of the FCRA. The law requires accurate reporting it does not require the reporting of delinquencies, nor does it prohibit creditors from removing them as a courtesy. I am requesting that Capital One remove the 60-day late mark from my credit report due to the lack of proper notice, the confusion caused by the transition from Kohls, and my immediate resolution once I became aware of the issue."
2025-03-04 00:00:00,Credit card,JPMORGAN CHASE & CO.,CA,"I purchased XXXX XXXX  XXXX without active noise cancellation from ChXXXX XXXX XXXX  on XX/XX/XXXX for XXXX Points. The order was delivered on XX/XX/XXXX. On XX/XX/XXXX I discovered that wireless charging isn't working for the product. I called XXXX ( XXXX ) XXXX and stated that I would like to return the defective product. They asked me to call apple XXXX support and call them back with a case id. I called XXXX support, and they told me that the version of XXXX XXXX I have ( w/o noise cancelation ) does not support wireless charging. That was a surprise because it wasn't mentioned anywhere on the Chase rewards portal- neither for the version of XXXX XXXX I purchased, nor for the one with active noise cancelation. That was absolutely misleading, and I wouldn't have purchased the airpods in the first place if I new that. So I called back to Chase rewards support at XXXX ( XXXX ) XXXX and told them that they had incorrect description, which made me thing there is no difference between the 2 versions in terms of charging. They refused to issue a refund or accept a return due to XXXX policies of a defective item. I escalated this and asked for a manager. The manager also refused. I mentioned again that it is not about the defectiveness of the item, but is about misleading/inaccurate description of the product. For comparison, XXXX does explicitly mention that a version w/o noise cancellation does not have wireless charging on XXXX. Chase Rewards portal doesn't."
2023-07-27 00:00:00,Credit card or prepaid card,"BANK OF AMERICA, NATIONAL ASSOCIATION",CA,"I received an offer from Bank of America through my app where I was advertised that if I opened a credit card with them, I would get a {$200.00} bonus, I only had to sign up online to get the reward. After a few months I noticed I didnt receive the bonus and read the fine lines and saw that I had done everything to receive the bonus, which was consume {$1000.00} in a timespan of 3 months. I called the company and said that they would look into it and I would receive a card with a response and all I got was a card that said that my card did not have that offer."
2024-02-20 00:00:00,Credit card,Chime Financial Inc,ND,"On XXXX XXXX my card was used 3 times at the same XXXX station in XXXX FL for a total of {$68.00} and then early on XX/XX/XXXX my card was charged at XXXX for {$10.00}. My card has not been out of my possession and I have not traveled to XXXX, FL in the past 10 years or so. I filed a dispute and it was declined by Chime Financial in less then 24 hrs."
2023-09-27 00:00:00,Credit card,AMERICAN EXPRESS COMPANY,MD,"Was charged {$800.00} in annual fees on two cards, {$550.00} and {$250.00} respectively. Creditor closed account mid annual fee, was told they refuse to refund charges based on either in its entirety or prorated. Was told this is not per their terms and conditions. However, in a chat the company has stated they waive fees during a 30 day period post fee being charged. American Express submitted an escalation but told me they will not reach out to me either by phone, email or by mail with the results."
2025-04-18 00:00:00,Credit card,"CITIBANK, N.A.",NJ,"I received an email notifying me that my Citibank Home Depot card was closed, but no additional information was provided. My notification preferences are set to receive all communications via email. I called customer service to inquire about the closure of my card and spoke with a representative. She informed me that a letter had been sent to my home address, stating that the account would be closed due to inactivity. She also informed me that since the account was closed due to inactivity, I can apply for a new card. I explained that I had requested all communication to be conducted via email because of inconsistent mail delivery to my home. 

The representative informed me that such notifications can ONLY be sent via postal mail. I then asked to speak with a supervisor, who explained that the account was closed at the request of the credit bureau. I requested an electronic copy of this information so I could understand the reasons behind the closure and avoid similar issues with my other cards. Once again, they stated that only a paper letter had been sent, and this is the only form of communication for this type of issue. 

I explained that I needed either an electronic copy or for the letter to be sent via certified mail to ensure receipt. However, they informed me that there was no way to do that. Now, my account is closed, and the representatives provided me with XXXX different reasons for the closure. I am left without clarity and unable to understand what happened, as they can only send letters in the mail and can not provide any copies via email or through my online account."
2024-03-25 00:00:00,Credit card,"EQUIFAX, INC.",NY,"As someone who has consistently adhered to payment deadlines, it is troubling to discover an error suggesting a late payment on my account. This mistake is causing undue stress, and I urge you to promptly correct it by ensuring my records are updated accordingly."
2024-09-18 00:00:00,Credit card,BARCLAYS BANK DELAWARE,WA,"Barclays either accepts fraudulent transactions and passes them on to the consumer, or racks up fraudulent charges themselves - I can not be sure. 

On XX/XX/XXXX, my card was charged for {$130.00} at a XXXX XXXX in XXXX, Illinois. 

I reported this transaction as fraudulent as I live across the country and have never been to XXXX, Illinois. 

Barclays told me the card was physically swiped, which is not possible because the card never left my physical possession. 

Barclays did an investigation and somehow determined the charge was not fraudulent. They will not share how they reached this conclusion with me. 

On XX/XX/XXXX I faxed supporting documentation showing that I was on a business trip to NY on XX/XX/XXXX, nowhere near XXXX Illinois. I also sent my transaction history showing no purchases in XXXX, Illinois other than this fraudulent charge. 

Barclays did nothing with this information. On XX/XX/XXXX, I called Barclays, and they promised to investigate my updated information within 30 days. 

On XX/XX/XXXX I received a letter saying Barclays determined the charge is not fraudulent, again with no explanation, and no option for further discussion on the matter."
2023-11-26 00:00:00,Credit card,AMERICAN EXPRESS COMPANY,CA,"Yesterday, XX/XX/25, I was notified that my last standing AMEX account was closed effective immediately. 

They immediately forfeited my XXXX membership rewards points. I hopped on live chat immediately and began inquiring into this matter. They refused to reinstate my account or my points and told me to pound sand essentially robbing me of {$1200.00}. I transferred these points, after thorough confirmation from live chat previously, numerous times, from my XXXX card which I cancelled on XX/XX/XXXX. I funded the account that day with these rewards points. 

They are refusing to reinstate and will not give me my points. I want my points. Thats it."
2026-05-25 23:26:44,Credit card,SYNCHRONY FINANCIAL,NJ,"I am filing this complaint regarding a XXXX XXXX XXXX XXXX account ( I only know the last XXXX digit of this account because of automated letter. I can't login and open the account ) that was compromised due to unauthorized access ( account takeover/hacking ). While Synchrony Banks XXXX XXXX team formally investigated this matter and provided me with a letter confirming the account was opened/misused fraudulently and that my liability was cleared, the situation remains unresolved and is causing me significant distress. 

The issues are as follows : XXXX. Ongoing Collection Harassment : Despite the formal letter stating my responsibility is cleared, I continue to receive automated emails from XXXX Bank claiming I have an unpaid statement balance with late fees. 

XXXX. Account XXXX and XXXX XXXX : Due to the hacking of this account, I am currently locked out. The banks website does not recognize my Social Security XXXX, preventing me from accessing the account. I am now physically unable to log in. 

XXXX. Failure of Customer Service : For the past several months, I have made numerous attempts to resolve this via phone. Agents have provided conflicting information, and on my most recent attempts to contact them ( XXXX times on XX/XX/year> ), they have been unresponsive or unable to assist. 

XXXX Credit Bureau XXXX XXXX Despite the letters claim that the bank would notify the credit bureaus to remove this account, the account still appears on my credit report as an active, delinquent debt. 

I have spent months attempting to resolve this through standard channels, but I am met with a broken system where the Fraud department has cleared the debt, while the Collections/Servicing department continues to pursue a debt I do not owe, and the website remains inaccessible to me due to the account takeover."
2023-07-16 00:00:00,Credit card or prepaid card,"Paypal Holdings, Inc",NV,"I have transferred money into my Venmo account now four times and the money is being held for no reason. I have attempted to resolve via chat and to no avail. I have paid fees to have it "" instantly transferred '' and Venmo is holding it."
2025-03-19 00:00:00,Credit card,NAVY FEDERAL CREDIT UNION,MD,I received a secured credit card XX/XX/XXXXmonths ago and these cards are supposed to become regular credit cards in XX/XX/XXXX months but Navy Federal refuses to elevate my credit card. My credit score is XXXX but Navy Federal has found a way to discriminate against me when it comes to their products. Navy Federal recently received scrutiny for discriminating against their customers concerning their rates for minorities when it comes to credit products. I fear that is the case for me now.
2024-11-03 00:00:00,Credit card,ALLY FINANCIAL INC.,TX,"Ally Bank closed my credit card without notifying me first. I had no idea. I only found out because I got a notification from the Credit Bureau saying that Ally closed my card. I contacted Ally, and they said it was due to inactivity, which isn't true. I used my card in XX/XX/year>, and then I used it again in XX/XX/year>. They decided to close my account directly after I used it in XXXX. When I called them the representatives were mo help and said they couldn't re open my account. However, it shouldn't have been closed in the first place. I am also filing a complaint with the XXXX"
2025-04-08 00:00:00,Credit card,"BANK OF AMERICA, NATIONAL ASSOCIATION",KY,"To Whom It May Concern, I am submitting this complaint to formally request the Consumer Financial Protection Bureaus assistance in resolving an issue involving Bank of America, which recently closed my credit card account citing irregular authorized user activity. I believe this action was taken in error or was based on a misinterpretation of legitimate activity and has resulted in significant and unjust harm to my credit profile. 

Background : I have maintained a credit card account nearly 6 years with Bank of America in good standing. Recently, I added a few authorized users to my account to assist close family members in building or rebuilding their credit, a practice that is well within the guidelines provided by the bank and permitted by law. 

On XX/XX/year>, without prior written notice or warning, Bank of America closed my account and cited irregular authorized user activity as the reason. I immediately contacted the bank to request more information and clarity. However, the representatives I spoke with provided vague and generalized responses, and I was not offered a meaningful opportunity to address or rectify the concerns. 

Why This Is Concerning : I was not notified in advance or given a chance to explain the nature of the authorized user activity. 
There is no evidence of fraud, delinquency, or policy violations associated with the account. 
The closure of the account has negatively impacted my credit score due to the loss of available credit, payment activity, and a long-standing account. 
This action appears arbitrary and lacks transparency or due process, which raises concerns under the CFPBs standards for fair treatment by financial institutions. 

What I Am Requesting : I respectfully request that the CFPB investigate this matter and assist in : Facilitating clear communication between myself and Bank of America regarding the specific reasons behind the closure. 
Determining whether the closure aligns with Bank of Americas stated policies and fair credit practices. 
Supporting a resolution in which Bank of America reopens the account or, at minimum, offers a path to reinstatement. 

This situation has caused undue stress and potential long-term harm to my creditworthiness, and I believe a more equitable resolution is warranted. 

Thank you for your time and consideration."
2026-05-06 15:03:57,Credit card,"CITIBANK, N.A.",FL,"In XXXX of 2025 I disputed multiple fraudulent charges on my Citi Mastercard. After several hours attempting to reach someone that could help me, I thought we had the situation resolved. The representative assured me that all of the charges would be reviewed and that card had been canceled, but for some reason they couldnt block charges from the same fraudster. I discovered a couple of weeks afterwards that only some of the fraudulent charges were disputed. I went through the same gauntlet to dispute the remaining charges and cancel the account. That agent assured me that the remaining charges would be dealt with and cancelled the account. The next statement showed more charges on the new card that I had not even received yet and the other charges that were supposed to be in dispute were still pending. 
I have tried multiple times to correct this situation with Citi, but it seems there level of incompetence in this area is astounding. 
Now they have added late fees and foreign transaction fees to this account. I have paid them what I am liable for. 
I need help repairing my credit from their reporting and somehow getting this situation resolved."
2023-11-29 00:00:00,Credit card,AMERICAN EXPRESS COMPANY,MO,"American Express offers a "" Pay Over Time '' function on my XXXXXXXX XXXX. It is advertised, on their website, that you only pay interest "" on the amount you choose to pay over time. '' In reality, they are applying interest to the entire card balance, including new charges which have not required payment yet. 

Ex : I underpaid my statement balance last week by about {$2200.00}. Since the end of that statement period, I had another {$6500.00} of charges which were not yet due ; they are due to be paid by XX/XX/22. 

American Express is charging me interest not on the {$2200.00} I elected to pay over time, but on the entire {$8700.00} balance of the card. 

After multiple attempts to get this amended by AMEX, I don't have a choice but to submit the compaint here. I did look in my recent card member agreement, and it discloses that they charge interest in the way I described above. But, this is completely contrary to their marketing material and the way it was sold to me when I first enrolled. I have a screen shot of their website showing that interest will only be charged on amounts you choose not to pay on each statement. It also shows that my card is one of the card this arrangement applies to."
2024-06-29 00:00:00,Credit card,DISCOVER BANK,HI,"This complaint involves Discover Card and its Balance Transfers. As of today, 2 of the 3 balance transfers I have with Discover remain at the promotional rates. I attempted to pay off 2 of the 3 outstanding balances, which had a total balance of {$7300.00}. I clarified with Discover, via their Chat feature online, that my payment would be applied to the 2 outstanding balances because they are the earliest expiring. There was nothing in the written policies indicating otherwise and any questions pertaining to these issues were directed to customer service agents at Discover. 

On XX/XX/XXXX payment of {$8000.00} was received by Discover but was not applied to the 2 expiring promotional balances ( one expired on XX/XX/XXXX and the second expires on XX/XX/XXXX ). As a result of the payment being incorrectly distributed to pay off my closest expiring balances ( as advised by a CSA from Discover, via chat ), which would have meant I only had one balance transfer remaining at a lower interest rate and which expires in XXXX, I am now subjected to a substantially higher interest rate, which is the total amount of the transfer balance, not just what remains, for the expired promo and if I don't pay off the promo with the highest interest rate, which is the promo expiring next year, none of my future payments will be applied to the expiring promo, only the minimum payment due. This prevents me from being a good money manager and also restricts me from taking advantage of these promotions, which I paid a fee for. This is bait and switch and is extremely misleading to consumers who look at ways to cut debt and save money. 

I contacted Discover again today, XX/XX/XXXX. XXXX, via their chat feature and was told that their policy was explained wrong to me the last time and that their policy actually states ( to them, not available to the consumer ) that the minimum payment balance ( when paid ) will be applied to the nearest expiring promo ( if any ). Then the remainder will be applied to the highest interest rate payment balance ( in my case 5.9 %, which is the promo expiring next year ). Thus, the {$8000.00} that I paid to pay off the balances of the promos expiring in XXXX and XX/XX/XXXX was not fully applied to those balances. 

I requested a copy of their written policies detailing this and advised them that the agreement for balance transfers did not indicate any of this, nor is this information available on their website. They advised me they did not have anything in writing but I could copy and paste the conversation in chat as a written record. I pointed out and shared with them the previous chat with the Discover agent who advised me the payment would apply to the closest expiring promos, and asked how this was different with me saving the chat this time. I was assured that it was. 

I asked to come to a settlement so I could immediately pay off whatever amount we agreed to ( less than what I currently have as a balance ) due to my not having funds available, and immediately close my account. I was advised that they don't settle balances but they could offer me a refund of 3 months of interest payments. They would also refund me the payment I sent in which was improperly applied to the wrong balances. I was also assured that the refund amount, although added back onto my balance, would not be charged any interest until it is completely paid off. 

I am frustrated that I was deceived by a major Credit Card company and their Supervisors apparently not given the authority ( or claimed they weren't allowed to ) to settle dollar amounts ( no amount was ever entertained ). I am also taken aback that I was told they do not have the ability to direct payments to specific balances ( such as the promos I had ). Again, this appears to be bait and switch and is highly unethical and deceptive. This smells of corporate theft from consumers on fixed incomes and needs to be addressed. 

A satisfying resolution for my specific case would be settling my outstanding debt at half of what I owe, with no negative blemishes added to my credit score, and my account being permanently closed. This was asked of the Supervisor ( other than the amount of settlement ) and I was told they do not do this. As of today, after this long chat with Discover, I still have a balance due and I feel that the issue is still not properly addressed. Also, the fact that I was advised by one of their representatives ( on chat and in writing ) and then other representatives apologizing for incorrect information but doing nothing about it, yet telling me that having a copy of this chat is sufficient proof of their policy ) minimizes the rights consumers are supposed to have. Why is the written conversation saved in chat with the first representative ( who apparently gave me wrong information ) not sufficient proof? 

All I wanted to do and tried to do was pay off my expiring balance transfer debt, leaving one other promo open with enough time according to the agreement to pay it off. I was restricted from doing that and now have to face the potential of being financially penalized for a policy that appears to be just verbal. This is shameful of Discover, a company I've been a customer of for over 30 years. I am hoping CFPB can assist me in resolving this issue by helping me to settle my debt, closing my account with Discover, and assuring my credit score ( which is in the XXXX range ) is not negatively affected. 

Thank you"
2023-02-07 00:00:00,Credit card or prepaid card,JPMORGAN CHASE & CO.,AZ,"I applied for and received a Chase Freedom Unlimited credit card on XXXX 2022. Their website offered a {$200.00} cashback if {$500.00} were spent in the first 3 months after it was received, among other rewards. I had spent {$590.00} in XX/XX/2022. After not receiving the cashback reward, I called customer service, who told me that most of my rewards were not "" approved '' for my card. The customer service representative told me specifically that there is no way to get these rewards approved, and that I could have only known about which rewards I was approved for by calling them with a card already activated. 

The website URL below has all the cash rewards offered, and it hasn't changed at all since I applied back in XXXX. The representative said my only reward was a 1.5 % cashback on all rewards, limited to 20,000 points. 

https : XXXXXXXX XXXX XXXX XXXX XXXX XXXX XXXX XXXX XXXX XXXX XXXX XXXX"
2024-01-10 00:00:00,Credit card,"BANK OF AMERICA, NATIONAL ASSOCIATION",CA,"Despite a stellar credit history and credit worthiness, Bank of America has decreased my credit limit significantly, causing my card to be over it's limit. This in turn has significantly negatively impacted my credit score due to the over-limit and skewed utilization from the decrease. I was not contacted about this or notified until after it was done and it has caused my rates on my other cards to go up and is 100 % a malicious business practice."
2023-07-26 00:00:00,Credit card or prepaid card,CAPITAL ONE FINANCIAL CORPORATION,NC,"I am a venture credit card holder and referred XXXX XXXX XXXX last XXXX XXXX for the card who was approved per my referral link and met sign up bonus timely, and I did not recieve my XXXX referral bonus as promised after waiting repeatedly per capital one customer service, very frustrating and misleading. Please credit my account XXXX the XXXX venture miles as soon as possible as promised."
2023-12-27 00:00:00,Credit card,SYNCHRONY FINANCIAL,FL,"We purchased furniture from Rooms to Go using their no interest card card. We made our first payment in XXXX and continued to make monthly payments each month when we paid all our bills from our monthly income check which usually arrived on the XXXX of the month. Our second payment was made on XXXXXXXX XXXX Synchrony determined that we had made our payment too early and credited it not as a regular monthly payment but as a balance reduction. So, when we made our XXXX payment on XX/XX/XXXX, they credited it as our XXXX payment after the due date and applied it as a late payment. We became aware of the issue in XXXX when we received an email telling us we had a late fee. After speaking to a representative she asked us to make an additional payment and change our scheduled payment date to later in the month and she would remove the late fee and all would be reset. We made the extra payment and nothing ever changed. We have made dozens of phone calls to their customer service office and their staff could see and understand the problem but did not have authority to fix it. Our calls as well as our emails to the corporate office always went to voicemail and we're never returned. Our frustration is through the roof. Please help us resolve this. Thank you XXXX and XXXX XXXX We are unable to attach any significant documents at this time but can provide them in further communications"
2024-06-01 00:00:00,Credit card,"Bread Financial Holdings, Inc.",VA,"My APR on my credit card went from XXXX or so to XXXX %. I emailed them and let them know that this is predatory and I needed to find out what I needed to do to get it lowered, and they said nothing. Theres nothing I can do. XXXX XXXX APR on a credit card is absolutely, unheard of."
2024-01-15 00:00:00,Credit card,JPMORGAN CHASE & CO.,FL,"Yet again Chase is failing to follow the law regarding disputed and unauthorized charges. Their online dispute reporting system is broken. I called Chase, waited on hold for an extremely long period of time and then explained in great detail the bait and switch scam that I was charged {$440.00} on XX/XX/XXXX from XXXX for. The agent assured me the refund would be applied to my statement within 48 hours. It is now more than 10 days later and no action has been taken. My payment is due in 5 days including this amount that I am not responsible for. This is blatantly illegal. 

Since Chase 's dispute system is completely broken, I would also like to include these subsequent charges that are also unauthorized. 

XX/XX/XXXX XXXX XXXX  XXXX XXXX  {$28.00} - this is an overcharge, the correct charge is approximately {$5.00} XX/XX/XXXX XXXX XXXX XXXX XXXX  {$28.00} - this is an invalid charge, I didn't use this service on this day. 

XX/XX/XXXX XXXX XXXX XXXX XXXX  {$30.00} and {$0.00} these are invalid charges, I didn't use this service on this day."
2023-01-20 00:00:00,Credit card or prepaid card,CAPITAL ONE FINANCIAL CORPORATION,NY,"As of the end of 2022, I've written two letters to headquarters. 
The letters requested an inquiry as to why my account was being charged cash advance interest, when there have been no cash advances in the account for the last 4 years. 
I have yet to receive a response nor has the erroneous interest charges ceased. 
Spoke a representative from the company and was advised that these erroneous charges occurred because vendors sometimes post purchases as cash advances, thus resulting in fraudulent cash advance interest charges. If the company is aware of this, why don't they correct it."
2023-01-19 00:00:00,Credit card or prepaid card,SYNCHRONY FINANCIAL,TN,"I received a notification from XXXX XXXX that I had a TJ Maxx Mastercard account closed. When logging into the credit card account, there was no indication that the account was closed. Upon calling the company, I was told the credit bureau notified them that I was not a good candidate. I have never had a late payment and even have an increased annual income from last year. The only thing that has changed is that I bought a house. So naturally my utilization rate is high with a new home loan added. If I wasnt a reliable customer then I would not have been able to get approved for a mortgage with a good rate as a single person. This is obviously a situation where there is some nuance and the company has no policy regarding a gray area. I have been a customer for over 5 years with 100 % of payments on time. In a matter of months my credit score will be right back where it was but instead my account was closed with no notification or inquiry. Also of note, this is the only company that has had an issue with my account."
2024-11-20 00:00:00,Credit card,"BANK OF AMERICA, NATIONAL ASSOCIATION",FL,"Sometime in mid XXXX there was fraudulent activity on my account. Bank of America flagged my account. I was unable to log in using the username I made and apparently BoA even changed my username due to it. Since I was still using the card, sometime aroundXX/XX/XXXX, I called in to get autopay setup to pay the full balance each month. Because of the flag, I could not myself view or setup payments/autopay in the app ( see attached photo ) ; this is still an issue as of XX/XX/XXXX. That was the last time I contacted BoA and I thought it resolved at least the payment issue. 

Fast forward twelve months, I get a call from Bank of America. I decide to log in and I was able to somehow recover my ( new ) username and password. I see a big balance which included interest. I had previously not been able to see this as I chosen paperless statements and due to the fraud flag I had trouble getting into my account. I was under the impression that autopay was previously setup correctly when I called before but apparently it was set to the minimal purchase and not full balance. 

Called BoA for the first time in a year. Spoke to XXXX in the fraud department on XX/XX/XXXX after being transferred multiple times/hanged up on. She informed me that my account is still under investigation for check fraud since XXXX. But she was not able to remove the flag or review details. She was however ; able to submit a reimbursement form for interest fees ( results to be determined ). I then hanged up the phone and went into my profile. The default XXXX email I did not recognize along with two other phone numbers ( see attached email showing I changed my contact info ). I quickly removed these fraud contacts and updated my profile. 

So essentially, I do not believe I should be charged interest on my balance for the last year. As of XX/XX/XXXX ; my credit card account is still flagged for check fraud by BoA. My login username was changed by BoA. I am unable to make payments in the app or setup/view autopay as BoA restricted my online account. A year ago I had to call in to setup autopay but apparently the service rep instead added it as minimal balance instead of total balance. I enrolled in paperless billing and my email on file was a fraudulent one. Yet BoA continued to let me use my card as normal."
2025-07-25 00:00:00,Credit card,"BANK OF AMERICA, NATIONAL ASSOCIATION",HI,"XXXX. XX/XX/year>, I over paid my credit card by {$3400.00} XXXX. XX/XX/year>, requested a refund of overpayment and bank of America acknowledged research with case number XXXX. XX/XX/year>, Bank of America confirm overpayment and started refund process XXXX. Between XX/XX/XXXX to XX/XX/year>, called customer service 6 times with XXXX different excuses refund is on its way. 
Latest excuse, it can take greater than XXXX business days. Funds transfer to federal reserve then will transfer to my bank. 
Call center keep giving new excuse Everytime that funds is on its way."
2026-01-27 00:00:00,Credit card,U.S. BANCORP,MD,Hard inquires were placed on my Transunion credit report
2024-01-02 00:00:00,Credit card,JPMORGAN CHASE & CO.,OK,"~5 months ago was started being denied the use of my earned points on vender sites. When I tried logging in to the Chase CC site to check the status of my account and points to see what the issue might be, I kept getting errors. So I called their help line and after sometime on the phone with frontline support my issue was "" escalated '' to get the problem resolved. I was told I would be called within 5 business days. 3 months later I called and asked what was going on. I was told by frontline support that there was no ticket open. So a new ticket was created and I was told I would be called back in 5 business days. Sometime after 5 business days I called them again and was told nothing had been done on the issue but they would escalate the ticket. I was transferred to someone who was escalation who was supposed to solve my issue. He said he would escalate it to someone else and I would be called back. After a few days I talked to this same "" escalation '' guy and he said there hasn't been a solution yet but he would escalated it and someone would call me within 3 business days. I asked to be transferred to a supervisor and he said he was a supervisor and refused to hand me to anyone else or transfer me to the new "" escalation '' team. It's now 2 weeks later and there is still no call back from them and I'm still unable to use my points or login to check the status of my account. I believe they are simply giving me the runaround and nobody is actually working on my 5 month old problem. This essentially denies me access to the points that they agree that I've earned and have a right to use."
2025-09-08 00:00:00,Credit card,Klarna AB,PA,"In XX/XX/year>, I purchased two XXXX XXXX concert tickets through XXXX  for {$700.00}, using Klarnas pay in 4 installment plan connected to my XXXX XXXX  XXXX. At the time of purchase, the tickets were listed as standard seating with no mention of any obstruction. Afterward, I learned that the section I was placed in had a severely obstructed view of the stage. XXXX own written policy states that obstructed or limited-view tickets must be clearly disclosed at the time of sale and marked with an icon, but my tickets contained no such disclosure. The venues own policies also note that obstructed seats are supposed to be removed from sale. Despite this, the tickets were sold to me as if they were regular, full-view seats. 

I reached out to XXXX multiple times before the concert by phone, email, and through their support portal. They failed to respond until after the concert date had already passed. When they finally replied, they denied my refund request, even though their own policy requires sellers to disclose obstructed seats. They essentially ignored my communications before the event, which left me without any opportunity to address the issue ahead of time. 

I also contacted Klarna to dispute the charges since they processed the payments. Klarna told me they could not help and instructed me to go back to XXXX, leaving me in a circle with no resolution. Finally, I contacted XXXX XXXX  regarding a chargeback. Because XXXX only allows disputes within 115 days, XXXX was able to credit back only XXXX installment of {$170.00}, but the remaining three installments totaling {$520.00} are now outside of the dispute window. 

At this point, XXXX has violated its own policy by selling obstructed-view tickets without disclosure, Klarna has refused to step in as the payment processor, and XXXX deadlines have prevented me from recovering the full amount. I am requesting reimbursement of the remaining {$520.00} that I paid for tickets that were not as advertised and should never have been sold under XXXX own stated rules."
2024-02-14 00:00:00,Credit card,FIRST TECHNOLOGY FEDERAL CREDIT UNION,NC,"Attention XXXX XXXX : I applied for a Credit Card on XXXX and was denied. Contrary to your presumptions and alleged reasoning for denying me, I have the right to Full Faith and Credit, see the attached document ( s ). Your Language Fraud, False and Misleading Denial of my Own Credits is pursuant to 17 CFR 240.15c1-2 - Fraud and Misrepresentation and 15 USC 1692e False and Misleading representation. You are unlawfully and knowingly withholding access to my securities that I the bondholder authorized on the initial tender of payment/application/credit card from the certificate of indebtedness bond. Your wilful withholding of my access to my securities is defined as securities fraud pursuant to 18 U.S. Code 1348 - Securities and Commodities Fraud. You are not only wilfully violating my right to my Credits ; you are also in violation, and non-compliance with the Equal Credit Opportunity Act and the Consumer Credit Protection Act. Since you are unlawfully denying me my Credits, Retract my Application immediately upon receipt of this NOTICE, non-assumpsit. A Certified verification letter in writing/typed with the company letterhead and an Officials signature confirming my Application Retraction is required point by point, exact, for my record keeping ; non-assumpsit. Thank you for your cooperation in this matter. 

XXXX XXXX XXXX XXXX XXXX XXXX XXXX"
2024-05-28 00:00:00,Credit card,JPMORGAN CHASE & CO.,NJ,"For two weeks now, I have been unable to access my account information on Chase 's partner environment ( Amazon ). 

I attempted to reach out to both Chase and Amazon. Neither side understands the problem nor is willing to solve this issue. Chase customer service response to this problem misses the key problem. I will reiterate the problem statement here. 

The problem statement is "" We're unable to verify your account with Chase right now. Please try again. If issues persist, contact Chase for assistance. '' I have been encountering this issue every day for two weeks."
2023-09-08 00:00:00,Credit card,AMERICAN EXPRESS COMPANY,ME,"I signed up for an AmEx card under the Resy offer ( code POID K21X:8948 on the terms and conditions I printed at time of signup ) for XXXX points after the first {$6000.00} in purchases and 10x points on restaurants.

I spent {$6000.00} in the first month and expected the benefit to post. When I checked, only XXXX points had posted and I got the normal allocation for restaurants. 

At that point, I reached out to customer support and explained the mixup. The agent said they would get it straightened out.

Fast forward another month, and it still wasn't right so I reached out to follow up. That agent told me it had been reviewed and denied because I was given the "" prevailing offer. '' I explained while that may be the current shelf rate that it wasn't what I had signed up for, and provided the documentation I had received. I asked how I would have known they applied the wrong offer before the statement and they said I would have seen it at signup. I explained I did have those confirmation screens and that they all showed the XXXX rate. The agent then put in another review ticket. This has since been denied again. 

I don't understand how a company as large as American Express can pull a bait and switch like this. The burden of proof shouldn't be on me as the consumer, and if it is, the documentation I've provided should be sufficient. 

I feel like this is false advertising and I would have paid them {$690.00} had I known they wouldn't honor their terms. I would have gone with the XXXX XXXX or XXXX XXXX instead, who had competitive offers at lower annual rates. This bait and switch unduly influenced me to pay more to AmEx and I think that's morally wrong."
2025-12-02 00:00:00,Credit card,"CITIBANK, N.A.",FL,"In XX/XX/year>, Citibank incorrectly processed several purchases I made at an online merchant via XXXX as cash advances rather than normal merchandise transactions. These were all online retail purchases, not cash withdrawals or quasicash transactions. 

On the following dates, Citibank coded XXXXXXXX XXXX XXXXXXXX transactions as Cash Transactions Mortgage XXXXXXXX XXXX XXXX  and assessed a flat {$10.00} cashadvance fee on each : XX/XX/year> XXXXXXXX XXXX XXXXXXXX {$63.00} + {$10.00} fee XX/XX/year> XXXXXXXX XXXX XXXXXXXX {$39.00} + {$10.00} fee XX/XX/year> XXXX XXXX XXXXXXXX {$27.00} + {$10.00} fee XX/XX/year> XXXX XXXX XXXXXXXX {$33.00} + {$10.00} fee XX/XX/year> XXXXXXXX XXXX XXXXXXXX {$36.00} + {$10.00} fee These XXXX {$10.00} cashadvance fees, totaling {$50.00}, later posted on my account as : XX/XX/year> XXXX XXXX XXXX XXXX {$50.00} Citibank then charged cashadvance interest on that amount : XX/XX/year> INTEREST CHARGED TO STANDARD ADV {$2.00} I have receipts from the merchant and XXXX showing these are merchandise purchases, not cash advances. Other banks have processed similar XXXXXXXX XXXX XXXX  transactions on my other cards as standard purchases, not cash transactions. XXXX has confirmed to me that these specific payments are for merchandise. 

I contacted Citibank multiple times. Citibank has maintained that the charges are cash transactions and says it can not make any adjustments, and it was initially difficult to open a dispute at all. I was finally able to file a dispute and was told I could submit my receipts, but I am concerned Citibank will refuse to reverse the cashadvance fees and related interest."
2023-05-09 00:00:00,Credit card or prepaid card,SYNCHRONY FINANCIAL,OH,"This is my 2nd try. I evidently do not know how to send photographic proof of my receipt and the bill. 

On XX/XX/XXXX i tried to put {$200.00} towards my Lowes credit at store XXXX ( XXXX OH XXXX XXXX XXXX. The clerk took {$1200.00} out of my account. I was in a hurry and did not notice unti later. I went back the next day to have it corrected. I also had the bill which only amounted to {$660.00}. The clerk at the service desk tried to correct it. She said she got it in there but the computer was hesitating to print the receipt. She turned the screen to me but the screen disappeared while I was getting out my phone to verify it. She assured me it was taken care of but to give it a day or two to be deposited. On XX/XX/XXXX I checked and there had been no correction. From the credit union parking lot I called the number on the bill. I was informed that they could not put it back in my account but would be sent a check that would arrive in 2 to 3 weeks. I told her that was bogus, if they could take it out, they could put it in. I expressed that I was not happy. On XX/XX/XXXX no check had arrived and I called in again. I was told that according to their records it would not be XXXX weeks until Friday. I called on XX/XX/XXXX and reached what was obviously a call center and probably in another country. The man I spoke to told me "" it's been cancelled. '' I questioned what had been cancelled and where had my money gone. He told me it was cancelled that no money had been taken out. Once again I was extremely mad and again made it clear that when I got my money back and had paid off the balance they would recieve the card in pieces and that in no uncertain terms would their company receive a dime from me until the {$1000.00} was returned. 

Starting shortly thereafter I began recieving texts to remind me I had not paid my bill. Calls are coming in daily on a potential spam number that I believe is them but I do not answer spam calls. 
The latest was at XXXX today as I attempted my first complaint."
2023-03-10 00:00:00,Credit card or prepaid card,WELLS FARGO & COMPANY,NY,"This is about XXXX credit card company. 
my credit limit is XXXX To pay my rent I paid my original bill and make it XXXX again and pay twice XXXX dollar which is XXXX. 

And I got email that this company still didn't receive my payment even after 4 days and credit availability never updated. So I toggle on their protection function which they recommend me to do. And i tried to contact them 10 times through phone, message, chatbot, callback. None of them no what is going on and told me to wait for transfer and hang off. OMG."
2023-12-09 00:00:00,Credit card,DISCOVER BANK,TX,"I am using Discover Credit Card. On XXXX  I contacted their agent who told me that I will get total {$800.00} credit back if I set up payments on XXXX  and XXXX and I agree with it. I will receive the amount of {$400.00} after the payment of XX/XX/XXXX, and receive the amount {$400.00} after the payment of XXXX However, I didn't receive anything after XX/XX/XXXX payment. I contacted their customer service TWICE and finally got it on XXXX After my XXXX payment, I also receive nothing. Then, I contacted their customer service again and the agent told me I can only receive it after the payment on XXXX 

They enrolled me into a program which will suspend my account without let me know, and leak my privacy information. Now, they did something like this. I have no trust with them."
2024-03-10 00:00:00,Credit card,WELLS FARGO & COMPANY,GA,"Wells Fargo issued me a credit card for home improvement. In XXXX, I went through a painful mortgage refinance due to mental health issues ( I am a XXXXXXXX XXXX  ) that doubled my monthly payment. As a result, several bills went unpaid while I tried to regain control of my finances. I worked with many creditors to get on payment plans and attempted that with Wells Fargo. On two separate dates in XXXX in XXXX and XXXX, I pleaded hardship with the company and offered to pay what I was able per month, a sum of {$100.00} per month against a balance of about {$6000.00}. The minimum payment to get my account straight is in excess of {$1000.00} and needless to say I am unable to come up with that amount for one creditor. Wells Fargo refused to work with me both times I called and told me there would be a "" promotion '' in XXXX wherein they could reduce my interest rate and work with me at that time. In the meantime, they continue every month to report me to credit agencies even though I send them the {$100.00}. It's almost pointless to do so."
2024-10-14 00:00:00,Credit card,Synovus Bank,WA,"This is part-2 of my Initial complaint for this credit card 'FIRST PROGRESS '. This is a secured credit card, meaning I had to fund this credit card with my own money when I first opened it over 5 years ago. This has helped me build my credit score to good standing. But it seems every 1-2 months something is going on with my account and either needs further investigating or causes a scenario where I can not use the card, nor pay my bill. 

And what does this do to a regular consumer like myself? - Well, when roadblocks are setup to hinder me from using this card or paying it off ( I pay 100 % every month ) and they continue to report this type of activity to the credit bureaus every month I get hit with negative points, this causes less of a credit score, shows misrepresentations of me actually paying my bill, and alters the activity on the card itself. 

I am only using the card every month, then paying it off at the end. Like you are supposed to. 

I am now receiving a random letter from no-where that is saying they need a copy of my bank statement to confirm the bank I am using to pay this card every month. While my whole account is on 'HOLD ' where i can not pay or use the card. My complaint is that I have never switched what bank I pay off this card with every month. Nothing has changed, and now I am receiving a letter that is threatening in nature and says if I don't come up with this they will close my account? This makes no sense. 

I have already previously verified and sent in bank statements that prove this is my other bank account a long time ago when I first signed up for the card, then when I added more funds to the card years ago to increase my limit ( again, my own money ). All of these delays and tactics are very disheartening and I can not believe I am the only one dealing with this company in the manner that I have. They have hung up on me, when I drill them for an answer on why this or that is happening on my account. All to never give me a solid answer."
2024-06-14 00:00:00,Credit card,AMERICAN EXPRESS COMPANY,PA,American express is charging me {$29.00} a month in late fees. I asked if they were going to comply with the CFPB rule change to {$8.00} and they said they were not. They did so in writing in chat.
2024-07-12 00:00:00,Credit card,TRUIST FINANCIAL CORPORATION,MD,"1 ) I wanted to ensure there was enough available credit on my credit card for an upcoming trip so I called to transfer the balance from my Truist money market account to payoff the balance on my Truist credit card. I was told the funds would be deducted from my money market account today but it would take up to XXXX business days before they were applied to my credit card. Why is this allowed? Truist gets to hold my $ for XXXX days and I don't have access to it? This is unfair to consumers.

2 ) My CD matured on XXXX. I went into a Truist branch to close the CD and put the funds into my XXXX XXXX Account. i was told the CD would be closed on XXXX but the funds would not be in my XXXX XXXX Account until XXXX. I asked why- they said that is how it is done. Again, why is this permitted? It is an internal transfer of collected funds that have been on deposit. This is unfair to consumers. 

3 ) I went into a Truist office and asked to redeem my credit card rewards and have them deposited into my Truist checking account. I was told that this would be done in XXXX days. Why does it take that long to transfer funds internally? Again, Truist is using my money and delaying the availability of it to me with no just cause or reason. This is unfair to consumers."
2023-02-03 00:00:00,Credit card or prepaid card,CAPITAL ONE FINANCIAL CORPORATION,AL,"XXXX XXXX XXXX XXXXXXXX XXXX The vendor double charged me on XX/XX/XXXX last year XXXX ; I called on XX/XX/XXXX to the credit card company and complain that they fraudulent double charged me. I called back to the call center overseas and they gave me a runaround until XX/XX/XXXX of XXXX where a case number was finally documented. Case number XXXX.I was assured that the {$180.00} will be recovered.I just got off the phone todayXXXX XXXX, XXXX. Capital One is refusing to call it exactly what it is ; a fraudulent double charge to my credit card. I want my money back."
2023-08-05 00:00:00,Credit card or prepaid card,JPMORGAN CHASE & CO.,MN,"Had a problem with a Company called XXXX XXXX with regard to getting a watch repaired. I cancelled the credit card charge for services rendered for XX/XX/XXXX. The problem was resolved and I received my watch back first week of XXXX, XXXX. Before getting my watch back the merchant asked if I would send a check for the amount of {$1800.00}. I agreed.Received a letter with a form to fill out from Chase bank wanting to know if the problem had been resolved and I said yes. In the correspondence I stated the bill had now been paid with a check, and I submitted a photo copy of the cashed check with the merchants bank. I asked chase to remove the charges.. Since that time I have sent out two other letters the last one being by certified mail. Each time I sent out proof the transaction was paid. I received a letter from Chase bank customer service dept. dated XX/XX/XXXX stating the transaction was valid."
2024-04-27 00:00:00,Credit card,Experian Information Solutions Inc.,AL,"I consistently ensure timely payments. What perplexes me is the company 's occasional late reporting, a discrepancy under USC 1666b, which mandates rectification of billing errors to reflect agreed-upon payments promptly."
2023-07-12 00:00:00,Credit card or prepaid card,VYSTAR CREDIT UNION,FL,"HELLO MY IS XXXX XXXX XXXX XXXX AND I AM MAKING THIS COMPLAINT BECAUSE I HAVE TRIED MULTIPLE TIMES TO DELETE THIS INFORMATION FROM THIS ACCOUNT FROM MY CREDIT INFORMATION, SINCE I WAS NOT THE ONE WHO APPLIED FOR THIS ACCOUNT, MY PERSONAL INFORMATION, FOR EXAMPLE THE ID AND SOCIAL SECURITY WERE STOLEN, THEY WERE USED TO OPEN MULTIPLE ACCOUNTS FRAUDULENTLY, ONE OF THE BANKS AFFECTED WAS THE CARD ( VYSTAR CREDIT UNION ) WHICH CURRENTLY HAS A BALANCE OF {$2200.00} THAT WAS OPENED AS FRAUD, I AM CURRENTLY A USER AUTHORIZED BUT I DON'T NEVER AUTHORIZE BEING AN AUTHORIZED USER I DEMAND TO DELETE THAT ACCOUNT FROM MY CREDIT REPORT, I MADE AN IDENTITY REPORT ADDING THIS ACCOUNT TO THE IDENTITY THEFT REPORT SO IT CAN BE REMOVED FROM MY CREDIT REPORT THANKS"
2024-03-23 00:00:00,Credit card,JPMORGAN CHASE & CO.,NY,"On Thursday, XX/XX/year> I've received a phone call from Chase Dispute Department in regards to the billing dispute with XXXX for the amount of {$2600.00}. Customer service representative was updating me on the status of the case and mentioned that the merchant is rebutting the dispute claim and in order to proceed further into pre-arbitration stage Chase needs supporting documentation from me to strengthen the claim. I informed the representative that I do have needed supporting documentation and will be sending them over same day since it's time sensitive matter and expect them to be fully uploaded in the system the earliest Friday, XX/XX/year> or latest - XX/XX/year> after them being submitted by me at a later time on XXXX of XX/XX/year>. I've informed representative to kindly give me a call on Monday, XX/XX/year> in case representative wouldn't be able to allocate uploaded documents or there's important information missing. Representative affirmed that. Later that day I've received a letter from Chase ( see page XXXX in XXXX ' ) stating that more documents are needed and I have a time by XX/XX/year> to provide Chase with required documents. Supporting documents were uploaded by me as promised to Chase via document upload center ( see a copy of supprting documents for the case in XXXX ' ). Notwithstanding, following day on XX/XX/year> I've received another notice from Chase, stating, contary to the previous notice, that the disputed charge was considered valid and Chase wasn't able to confirm a due credit ( see page XXXX in XXXX ' ). At this point it is assumed that Chase subjectively closed the time-sensitive case without even validating the previously uploaded documents for time-sensitive investigation."
2025-06-23 00:00:00,Credit card,JPMORGAN CHASE & CO.,MI,"I am submitting a complaint regarding a missing payment from a Chase Freedom credit card benefits claim administered by XXXX  XXXX. Despite multiple follow-ups over the past XXXX months, I have not received a proper resolution. 

Key details : Claim Number : XXXX Confirmation Number : XXXX Claim Amount : {$5900.00} Claim Approved Date : XX/XX/2024 Payment Entry/Recieved Date : XX/XX/2024 Although the payment system reflects that the funds were deposited, I never received them. Upon reviewing the payment information I submitted, I discovered that I had accidentally swapped the routing and account numbers. The routing number I entered does not exist, as verified through public databases, making it highly unlikely that the payment was successfully deposited. 

I have attached a document that shows deposit has been made, the reason i found out that i swapped account number and routing number while entering, was in the picture it shows bank acount ending in XXXX, which is actually my routing number. 

Over the course of XXXX months, I have made multiple phone calls and follow-ups with the benefits administrator. Each time, I was told only that "" the payment shows as deposited and nothing can be done. '' I have not received a resolution, or even basic information such as the routing/account number the ACH was actually sent to ( that they claim ). 

This lack of transparency and support has prevented me from resolving the issue through my bank. I am requesting that : The exact routing and account number the payment was sent to be disclosed, so I can confirm it and provide evidence from my bank. 

A proper investigation or payment recovery be initiated. 

The failure to resolve this, despite evidence of incorrect routing and a lack of deposit, is deeply concerning. I am requesting CFPBs assistance in getting the company to cooperate and resolve the issue."
2024-06-28 00:00:00,Credit card,SCHOOLSFIRST FEDERAL CREDIT UNION,CA,"On XX/XX/2024, I made a payment to Schools First Federal Credit union to settle a credit card account that was derogatory. Prior to making the payment the institution was reporting monthly to my credit history the status of the account. When I made the payment, the credit company had informed me that they would update my credit report to reflect the settlement as well as provide me with a letter reflecting a payment had been made. As of XX/XX/XXXX, I had not received the letter nor did my credit report reflect the settlement payment so I called and was informed by a representative that they would be updating my credit report and subsequently provided me with a letter stating that my account was settled. As of today XX/XX/2024, my credit report reflects that Schools First Credit Union stopped reporting updates to my account as of XX/XX/2024."
2025-08-06 00:00:00,Credit card,JPMORGAN CHASE & CO.,MA,"Using my Chase Sapphire Preferred card, I activated a Chase XXXX  offer ( spend more than {$400.00} on a single transaction on the Chase XXXX booking through the Chase XXXX XXXX, make a purchase by XX/XX/year> XXXX XXXX  XXXX, the travel occurs before XX/XX/year> ; receive a XXXX reward points bonus ). 

I booked a hotel on Chase XXXX  on XX/XX/year> at around XXXX XXXX  XXXX for {$410.00}. The hotel booking is XXXX XXXX XXXX I received an email from Chase XXXX confirming the purchase at XXXX XXXX  XXXX on the same day. 

On XX/XX/year>, XX/XX/year> and XX/XX/year>, I called Chase XXXX times about not receiving the bonus, despite satisfying the stated travel offer terms. Chase sent me a letter and answered my calls saying that because the transaction was posted in XXXX, I do not qualify for this offer."
2023-06-22 00:00:00,Credit card or prepaid card,CAPITAL ONE FINANCIAL CORPORATION,GA,"On XX/XX/XXXX XXXX I submitted a complaint to the CFPB about CAPITAL ONE refunding me for my credit balance on an account ending in XXXX. They sent me a check with a coupon attached and I requested a refund of my credit balance of {$2000.00} which I endorsed with my signature as the beneficiary on the back. The certified mail number is # XXXX. As a consumer, I made the request as my RIGHT as a consumer after I extended my credit for an open-end credit plan. I reported a billing error and in return, my account was closed on XX/XX/XXXX. I did not have my billing error resolved and therefore CAPITAL ONE is liable under 15 U.S.Code 1611 ( 1 ), 15 U.S.Code 1666d, and 12 C.F.R. 1026.13 ( d ) ( 1 ).

These are my RIGHTS as a consumer according to the United States Congress for my protection."
2025-03-02 00:00:00,Credit card,SYNCHRONY FINANCIAL,FL,"My dog was seen at this XXXX XXXX  on XX/XX/year>. Upon here being examined by the docter she was admitted there for a 24 hr stay. As you see I've attached a copy of my dogs kennel sheet, which would show what her diagnosis was and the medications she would have recieved if she hadn't died within the first 10 hours of her stay. As you can see on her kennel sheet she only recieved 6 medications of the 14 she should have recieved if she hadn't of passed, but they billed us for the full 24 hours. We did not recieve the other 8 medications nor the emergency care for the full 24 hour stay they initially billed us for, so we are requesting a refund of {$560.00}. We have tried to settle this with Care Credit but they have not been of no help. Please help us resolve this because we did not recieve the services they billed us for. Thanks"
2023-05-10 00:00:00,Credit card or prepaid card,JPMORGAN CHASE & CO.,MA,"The last week of XXXX I called Chase Bank to advise them that I would be using my charge card on a trip to XXXX and that I would specifically be using it for a car rental. I asked if I could do that and asked if the card provided me with collision protection insurance for the car rental. I was told yes, I could use my card in XXXX and that one of its benefits was that it provided collision insurance on car rentals. I arrived in XXXX about a week later on XX/XX/2023 and when I went to pick up my car rental and tried to pay for it with my Chase charge card, the charge was declined. I thought surely that was a mistake because I had already cleared with Chase and very specifically told them I would be using it for this exact purpose but when the care rental agent tried the card again, it was again declined. I think he tried it 3 separate times and each time is was declined. I tried to call Chase on the spot to get it resolved but was not able to get through to the XXXX phone number on the back of the card. I was traveling with 4 other people and we needed to rent the vehicle and be on our way so one of my travel companions offered to put the charge on her credit card but, unfortunately, her card did not offer the collision protection insurance so we were forced to buy the insurance from the car rental company for the amount of XXXX XXXX which is approx {$580.00}. It wasn't until XX/XX/XXXX that I was able to get through to somebody at Chase to get resolution on the security block on my card. However, it was too late at that time to do anything about the insurance that we purchased in order to dive away with the car on XX/XX/XXXX. When we returned the car on XX/XX/XXXX, I was able to transfer the car rental charges from my travel companions card on to my card but again, was still on the hook for the {$580.00} that I would not have had to spend had Chase not made the mistake in the first place. I've contacted Chase several times ; have spoken to several representatives ( one of them even hung up on me ) and the conclusion for each is that there is nothing they can do for me. If they had honored the charge, which I had previously and very specifically told them I would be making, I would have not been in the position of having to pay this expense so I feel that because I did everything right, especially in notifying them of my intentions, and it was their mistake that caused me to incur this expense, that they should reimburse me for the amount of this expense which is approx {$580.00} based on current euro to dollar exchange rates. Can you please help me to get Chase to do the right thing? Thank you! XXXX XXXX XXXX"
2026-02-11 00:00:00,Credit card,JPMORGAN CHASE & CO.,CA,"I am filing this complaint against JPMorgan Chase regarding a {$3000.00} fraudulent balance on my credit card. I am a victim of an overpayment/reversal scam involving extreme criminal coercion and duress which I have documented in FTC Report XXXX XXXX and XXXX XXXX XXXX. 

Scammers have manipulated my credit line by loading XXXX and under threats and consistent harassment ( documented in my call logs ) I was forced to use this credit to purchase XXXX XXXX XXXX and another gift card ( XXXX XXXX ) at 4 different XXXX  Locations, which later the money that was loaded into the card was reversed as they took the payment back after I had purchased the gift cards, which now I owe XXXX to my credit card."
2026-04-01 00:00:00,Credit card,"BANK OF AMERICA, NATIONAL ASSOCIATION",FL,"On XXXX XXXX XXXX, I rented a vehicle from a car rental company in XXXX, XXXX. During my rental period, a third-party driver backed into the vehicle. I was not at fault and immediately provided the at-fault driver 's full insurance information to the rental company in writing on XX/XX/XXXX. 
On XX/XX/XXXX, before any insurance settlement was reached, the merchant charged my Bank of America XXXX the full damage amount of {$3600.00}. Simultaneously, the merchant directed their third-party claims handler ( XXXX XXXX  XXXX XXXX XXXX pursue payment from the at-fault driver 's insurer ( XXXX  ) for the XXXX damages. 
On XX/XX/XXXX, XXXX issued a check for {$1700.00} payable to XXXX XXXX XXXX for collision damages to the same vehicle. I have the official XXXX payment document confirming this. The {$1700.00} represents the full settlement of {$2200.00} less my {$500.00} deductible. I am now paying the {$500.00} deductible directly to ensure the merchant receives the full settlement amount of {$2200.00}. The merchant accepted this payment without refunding or offsetting my credit card charge. 
XXXX collected by the merchant for XXXX {$3600.00} damage claim : {$5800.00}, collecting {$2200.00} more than their own stated damages. 
The merchant 's own representative emailed me on XX/XX/XXXX stating that their main intention was to return my money once the insurance company took care of it. Insurance paid. My money was never returned. 
I filed a chargeback with Bank of America. It was denied XX/XX/XXXX. I submitted additional evidence including the XXXX payment confirmation on XX/XX/XXXX and requested re-evaluation. It was denied again XX/XX/XXXX. Both denials cite only that the merchant may charge for damages that can not be determined at the time of rental, which does not address double collection at all. 
Bank of America failed to investigate whether the merchant disclosed the XXXX insurance payment when submitting their chargeback rebuttal. When I contacted XXXX for full settlement documentation, I was told additional documents could only be released to my credit card company upon their request. Bank of America never made that request."
2024-03-08 00:00:00,Credit card,"BANK OF AMERICA, NATIONAL ASSOCIATION",SC,"I called Bank of America on Saturday XX/XX/2024 to confirm the date I needed to pay my credit card bill in full, which on XX/XX/XXXX, the balance was {$4800.00}, and needed to pay that amount off to avoid any interest fees being charged. The consumer care representative stated that as long as I made the full payment before XX/XX/XXXX, I would not incur any interest. However, this was incorrect and I was charged {$220.00}. I called to contest this charge and have them remove it but they denied it."
2024-05-02 00:00:00,Credit card,"CITIBANK, N.A.",NY,"On XX/XX/year>, my Citi credit card number was used to make 3 fraudulent purchases at XXXX online. Each purchase was for {$250.00}, for a total of {$770.00}. 

I noticed these charges on XX/XX/year>, and reported them to Citi as fraudulent purchases. Citi said they would refund the {$770.00}. 

Later, I learned that XXXX told Citi that the online order was picked up ( in XXXX ; I live in New York ), and therefore was a legitimate purchase. Citi provided me with the information that XXXX provided them. ( See attached file XXXX ) The purchase was made using a fake email address. The items, large boxes of flooring, were picked up in XXXX XXXX, where I do not live. 

Citi reversed their decision, and charged me the full {$770.00} again. They didn't contact me to tell me this, I discovered it myself later when my credit card statement seemed too high. 

I have since called Citi multiple times over the past 2 years, explaining that this was obviously a fraudulent purchase, based on the evidence they already have. Every time, they tell me that they have to re-open the account and re-start the investigation process. Citi assures me they have all the information they need ( which is true ), they can see it was a fraudulent purchase, and will contact me when the investigation is complete. 

Then, nothing happens. Multiple times, I have called Citi back a couple of months later, and they tell me the same thing again ; they have to re-open the account and start the investigation, etc... They can see it was a fraudulent charge and they will contact me when the investigation is complete, etc... 

I have been doing this every few months since 2022, when this first began. I have files the dispute forms Citi requited, and provided them with all the information they have asked for. I would like Citi to finally resolve my fraud dispute case and refund me the {$770.00} I am owed."
2025-09-18 00:00:00,Credit card,DISCOVER BANK,FL,"I had a DISCOVER CARD then I canceled and Closed in 2021. They Allowed Fraudulent transactions to be Applied to the credit card. After Speaking with them in 2021 they Agreed to Closeout the card and Cancel the Charges. 
Since XXXX, 2021 they have continuously Reported that I'm Late on Payments and have been Applying Derogatory Remarks on My Credit. I Don't Owe the Discover Card Company Any Money yet they Continue to report to the Credit Agencies that I'm Late or Deferred."
2024-01-19 00:00:00,Credit card,JPMORGAN CHASE & CO.,TX,"Dear cfpb I hope this message finds you well. I am writing to express my dissatisfaction with the way a recent dispute was handled by Chase Bank regarding a transaction on my account. 

Transaction Details : Type : Sale Transaction Date : XX/XX/2023 Posted Date : XX/XX/2023 Description : XXXX Merchant Type : Discount stores Method : Online, mail, or phone ( XXXX XXXX  ) Category : Shopping Reference Number : XXXX Amount : {$48.00} Total Rewards Points Earned : XXXX The issue arose when I made a purchase on XXXX, and the seller failed to provide the promised free return service. Despite my attempts to resolve the matter directly with the merchant, I was unsuccessful in obtaining a satisfactory resolution. 

Subsequently, I initiated a dispute through Chase Bank to address this issue and seek a fair resolution. Regrettably, I found the process to be unsatisfactory. The communication and support provided during the dispute resolution were subpar, leaving me frustrated and dissatisfied with the overall experience. 

I understand that dispute resolution can be complex, but I believe that as a valued customer, I deserve a more transparent and efficient process, especially when faced with a situation where the seller did not adhere to the agreed-upon terms. 

I kindly request a thorough review of this dispute case and would appreciate any assistance in ensuring a fair resolution. Your attention to this matter is highly appreciated, and I trust that Chase Bank will take the necessary steps to improve the dispute resolution process for its customers. 

Thank you for your prompt attention to this concern. 

Sincerely, XXXX"
2026-03-17 00:00:00,Credit card,CAPITAL ONE FINANCIAL CORPORATION,FL,"Issue : Capital One failed to fulfill a promised {$25.00} promotional credit for a tracked "" Capital One Offer '' at XXXX. 

Chronology and Facts : Date of Offer Activation : XX/XX/year>. 

Transaction Details : A purchase of $ XXXX was made at XXXX at XXXX PM on XX/XX/year>. 

System Tracking : The session was successfully initiated through the Capital One Offers portal and recorded as Trip Number XXXX. 

Current Status : The portal shows the trip status as "" Inactive, '' claiming the merchant has not reported the order. 

Actions Taken : Verification : I contacted Capital One customer service to provide proof of purchase ( receipt ) and the specific Trip ID.

Company Response : The representative confirmed they could see the tracked trip ( XXXX ) in their system. However, they refused to escalate or investigate the missing credit because I used an XXXX XXXX card for payment rather than a Capital One card. 

Dispute : The "" Capital One Offers '' program ( unlike specific card-linked "" Merchant Offers '' ) tracks via the portal session and does not require a Capital One credit card for eligibility. The refusal of Capital One to honor the credit based on the payment method is a misapplication of the program 's terms and a failure to rectify a merchant reporting error since I actually sucessfully completed the {$53.00} purchase at XXXX to complete the Capital One Offer."
2025-08-21 00:00:00,Credit card,AMERICAN EXPRESS COMPANY,OR,"In XX/XX/XXXX I set up a Settlement plan with American Express to pay off my {$2500.00} balance with a series of payments, this is a settlement because I have had XXXX  5 times now and I have a medical condition that has caused me to fall behind on my bills, I simply can't work as much as I did before this last illness, but I always pay my bills!

American Express assured me on the phone that once my settlement started, I would no longer receive these massive late fees & excessive interest rate fees, plus a whole bunch of fees that were blowing up my debt.

I started my Settlement plan payments to American Express on XX/XX/XXXX with a {$300.00} payment then I consecutively paid {$240.00} for the next 5 months, but these payments never showed up on my account, plus American Express continued to put all kinds of fees of interest on my account, I spent probably 50 hours on the phone to people who barely spoke english, they always transferred me, put me on hold & treated me rudely, I can not believe how predatory their billing practices are & that no one could help me, so XX/XX/XXXX was my last payment because they are clearly not honoring the Settlement payment plan we had negotiated, I closed this card, I will never ever use American Express again. Now they say I owe a ridiculous {$12000.00}. HOW is that even possible that a {$2200.00}. debt increased {$10000.00}. while in a "" SETTLEMENT '' Process? That is ABSURD!!!

I have an excellent Credit History, I am a home owner, I've bought 2 houses, several cars, I have never had this much trouble with a credit card company in my life. When I talk on the phone with them, they want to set up a "" Settlement '' but I have already been paying {$1500.00} on my settlement! They can't seem to "" find it in their system, '' then they pass me on to another person who I have to tell my whole story to, I'm tired of talking to American Express, I only want to tell this story to LAWYERS, SMALL CLAIMS COURTS, SENATORS & REPRESENTATIVES now! I am not alone, American Express is robbing millions of Americans this way right now, please help us all! American Express has faced allegations and legal actions regarding predatory billing practices, including deceptive marketing, hidden fees, and misrepresenting card benefits. These practices have led to significant financial penalties and settlements, but still they continue to rob us."
2024-10-28 00:00:00,Credit card,CAPITAL ONE FINANCIAL CORPORATION,GA,"Capital One now has Kohl 's credit card. I already had a Capital One through Walmart. Now, I can not get through the automated system to create, check or confirm payment status. If I call their automated system, I it does not recognize the card I am calling about. It says that it can not understand or hear me, even though I am using the keypad. When I ask to speak to a representative, it repeats the request for me to ask for a representative or enter any number. Then it tells me it can't hear me and there must be a problem with the connection and, instead of shifting to a representative, hangs up. The phone number on the back of the credit card no longer works. I try to get into the computerized system, it doesn't recognize the information and wants the security code to a credit card number that isn't mine, even though I have already verified my identity with my name, social security number, and date of birth and address. This not only happens on my Capital One/Walmart card , it also happens on my Capital One/Kohl 's card. This is happening every time I try to go into the card and began when Capital One took over Kohl 's credit cards. Note, I did not ask Kohl 's to sell their credit services and had I been asked if I wanted to remain as a store only card OR have another Capital One, I would have said no to a second Capital One linked to Kohl 's."
2025-09-27 00:00:00,Credit card,CAPITAL ONE FINANCIAL CORPORATION,WA,"The company is Capital One. I have never banked with Capital One. On Sunday, XX/XX/XXXX, I was researching various banks for the highest APR on their high-yield savings accounts. Capital One had one of the highest, so I began submitting my personal information to open a high-yield savings account. I did not get far because their website said I already had an existing account, which was odd because I have only ever banked with XXXX  XXXX XXXX. I called Capital One and first spoke with "" XXXX, '' who could not find my information associated with my SSN and referred me to the fraud department. Since I have spoken with various people at Capital One and people at all three credit bureaus. In summary, Capital One did a soft inquiry to open a credit card with my SSN for someone else. Therefore, it does not show up on my credit score, but it is under my credit report soft inquiries. I came across this problem by CHANCE from researching banks, and now I am concerned someone is using my SSN for various things. I am still unable to open any account under Capital One due to this, and I can't fix the problem because the credit bureaus and the bank are not able to do anything. I am glad this hasn't impacted my credit score yet, but I am concerned it could! "" XXXX '' from XXXX  is the last I spoke to, who informed me that my next step was to file a report with the FTC or the police. Thank you. 
As a protective measure, I have frozen all my credit reports through all three credit beaurs and have filed for intial fraud."
2023-05-28 00:00:00,Credit card or prepaid card,WELLS FARGO & COMPANY,FL,"Wells Fargo has failed to report taxes to the IRS and failed to fully discharge the account. Please forward this information to the XXXX XXXX to fully reconcile this account and deposit my securities into my Wells Fargo checking account. Enclosed please find IRS reporting. Please fix it as necessary. 

Thank you, beneficiary"
2024-09-09 00:00:00,Credit card,AMERICAN EXPRESS COMPANY,DE,"Made pay-in-full payment 1 day late. Discussed with Amex customer service; was told that with our XXXX year history of paying balance in full every month, they would offer XXXX courtesy correction on XX/XX/XXXX. They did not indicate any interest charge during that call. XXXX month later, noted on bill that XXXX set of charges {$540.00} interest covers remaining statement balance from XXXX statement closing date up to XX/XX/XXXX due date ; then XXXX set of interest charges of {$280.00} interest is from XX/XX/XXXX due date up to XX/XX/XXXX pay in full date. The concern is that the Amex representative did not disclose that we were incurring any interest following the one-time courtesy correction. It was then hidden from our view, paying the amount in full at that time ( i.e., they charged us for interest over a XXXX  day period for payment that was rec 'd in full XXXX day late."
2024-12-31 00:00:00,Credit card,American Financial Network Inc.,CT,"XXXXXXXX XXXX  also known as American Financial Network allowed an account to be put into my name fraudulently which has damaged my credit. Before getting into compensation, I want to first and foremost have all of the credit reporting and especially all of the negative credit reporting immediately removed and blocked from the credit bureaus."
2026-03-25 00:00:00,Credit card,"BANK OF AMERICA, NATIONAL ASSOCIATION",MA,"I am filing a complaint regarding the handling of a travel insurance benefit associated with my Bank of America XXXX XXXX XXXX credit card. 

On XX/XX/year>, my XXXX XXXX flight was cancelled due to weather. I attempted to continue my trip by rebooking, but no flights were available, and I ultimately could not complete the trip. 

I submitted a Trip Delay claim for expenses incurred due to the disruption. The claim was denied on the basis that I did not take the trip. 

Following this, I attempted to submit a claim under the Trip Cancellation benefit, since the trip could not be completed. However, I was informed that this claim could not be processed because it was considered a duplicate claim. 

This creates a situation where : * My Trip Delay claim is denied because I did not take the trip, and * My Trip Cancellation claim is refused because it is considered duplicative As a result, I am being denied any meaningful review under either benefit.

I am requesting that the company : 1. Allow a proper review of my claim under the appropriate benefit, or 2. Provide a formal written explanation citing the specific policy language that justifies denying both claims in this manner This issue reflects a failure to provide fair and consistent claims handling for a credit card benefit.

I have documentation supporting my claim and communications with the claims administrator. 

I am seeking a fair review and resolution."
2023-02-25 00:00:00,Credit card or prepaid card,Atlanticus Services Corporation,MI,"Aspire will not allow me to make a payment towards my Aspire credit card. Yes, you heard that correctly.. 
I have been in the hospital for the last 3 weeks. Returned home on XX/XX/23. My aspire credit card was set on Auto pay but the payment of {$53.00} was returned as a result of me not having access to my bank accounts due to being hospitalized. 
Therefore, today XX/XX/23, I logged into my account to cover that payment using my debit card. I received a pop up that I could no longer make online payments. 
I used the Live Chat and they could not give me a reason, just stated I had to call to make a payment. I am XXXX XXXX XXXX, just out of hospital and due to bad hearing I get a lot of anxiety trying to discuss things over the phone. Plus why would I not be allowed to make an internet payment with a DEBIT CARD. SInce those payments are processed immediately. 

Seems Aspire is trying to make it difficult to pay my account then charge me hefty late fees. 
I have had a few payments returned but always covered them. Plus Aspire sufferers ZERO harm if a payment is returned. I am the one harmed with high return fees or late fees. 

This policy Aspire has refusing to allow me to make an online payment is absolutely harmful to me, is discriminatory and violates Federal policy."
2025-07-22 00:00:00,Credit card,WELLS FARGO & COMPANY,AZ,"I purchased a bottle of XXXX XXXX XXXX on XXXX and when it arrived I discovered that it was a counterfit product. The smell, packaging, weight of product, and markings on packaging clearly indicate counterfit. Once I discovered the good was a fake I reviewed the sellers profile with numerous complaints of counterfit goods. I reached out to the seller for a refund and was advised to send it back. I reached out to USPS before shipment and they advised not to send it back and file a report which I'm in the process of doing. I opened a dispute with my card issuer and they reached out to me without any investigation and said I need to go to a third party retailer and get a written avidavit proving the product is fake. This is not resonable as no third party is ever going to agree to getting involved in a fraudulent transaction they had nothing to do with. While on the phone with an agent in the XXXX they advised this was my only way of moving forward with a dispute. Wells Fargo has failed to do any type of investigation into the matter and has provided me with unreasonable options."
2026-04-06 00:00:00,Credit card,"PINNACLE FINANCIAL PARTNERS, INC.",FL,requested information on closed account. Company stated I would need to contact XXXX XXXX XXXX for information on account. Provided with me a phone number. Acct paid off in full with XXXX XXXX XXXX on XX/XX/year>. Received an alert that account was Charged Off. AGENT AT FIRST PROGRESS AND XXXX XXXX  DID NOT DISCLOSE THAT ACCT WAS CHARGED OFF WHEN ASKED.
2026-04-13 00:00:00,Credit card,AMERICAN EXPRESS COMPANY,AL,"I disputed both accounts ending in XXXX and XXXX directly with American Express on XX/XX/year>. I requested full validation and documentation supporting the accuracy of these account. American Express has failed to provide adequate verification or sufficient documentation to support the reported balance, account status, and payment history. Despite my dispute, the account continues to be reported as a charge-off with inconsistent and unverifiable information. This is a violation of the Fair Credit Reporting Act, as all reported information must be accurate and fully verifiable."
2024-02-13 00:00:00,Credit card,JPMORGAN CHASE & CO.,CO,"XX/XX/XXXX, I notice a new line of credit associated with JP Morgan Chase XXXX Chase Sapphire account ) that I did not open. The account appears to have been opened XX/XX/XXXXXXXX XXXX The account billing is to a city I have not lived in since XXXX. Since discovering this account, I have submitted a fraud complaint to JP Morgan Chase regarding this account. They have started their own fraud investigation, and have told me they were submitting to me a fraud letter that should arrive within about a week. I have also submitted a Fraud Alert through XXXX XX/XX/XXXXXXXX"
2025-05-27 00:00:00,Credit card,CAPITAL ONE FINANCIAL CORPORATION,NY,The company closed both my credit card accounts without sending me any letter or notice. And the employees couldn't tell me why.
2023-10-27 00:00:00,Credit card,"BANK OF AMERICA, NATIONAL ASSOCIATION",NJ,"Closed this account with Bank of America, and paid more than the minimum This card interest rate is ridiculous. Can not ever get it down already this year over XXXX in interest. It was XXXX and I paid XXXX which would have brought it down to XXXX, now it is back up to over XXXX. I closed this Credit a while ago it was XXXX, to start and I paid XXXX at the beginning. I always pay more than the minimum. Too much interest rate is being put on this account. Which is Bank of America. Not getting anywhere with this Credit Card because of their higher than average interest rate that was raised, because I closed the account."
2026-07-01 16:22:39,Credit card,"CITIBANK, N.A.",CT,XX/XX/year> I called to Make payment of {$5700.00}. I asked for intrest to be taken off bc of a previous fraud charge and I had closed card but they never followed through on closing card so intrest ran up and I received not statements that this was happening bc I believed card was closed 4 years prior to my call in XX/XX/XXXX. Agent stated on phone that she would remove intrest charge of {$990.00}. I paid what she said I owed which was {$4700.00} and final close of card. Since then they are contacting me to pay over {$1000.00} + bc the keep adding intrest on intrest charge that I was promised to get taken off. Scince then I spoke to at least XXXX diff people with no help they say will call back and dont. Was even hung up by agent. These conversations are all on records in citi bank I had a supervisor listen to it and agreed with me yes I promised to take it off. Scince then countess phone calls to get nowhere with rude agents. This need to stop.
2024-09-23 00:00:00,Credit card,"BANK OF AMERICA, NATIONAL ASSOCIATION",NY,"I, XXXX XXXX, as a federally protected consumer and per the Fair Credit Reporting Act ( 15 USC 1681 ) I am now opting out of any and all authorizations that I may have given you written, unwritten, oral, verbal or nonverbal per U.S.C 6802 effective immediately and indefinitely. BANK OF AMERICA XXXX and BANK OF AMERICA XXXX"
2024-05-03 00:00:00,Credit card,SYNCHRONY FINANCIAL,TX,"Synchrony bank closed my Lowes credit card without cause. I have made all payments on time and never missed a payment. Then they recently ( within the last 6 months ) issued me a brand new rewards credit card that was set to expire XX/XX/2032, but recently closed account without warning. They also listed the reason fraudulently on my credit report as a charge and that is incorrect. Synchrony Bank has been doing this across the board to consumers, while capitalizing on brick and mortar stores, giving consumers credit, and then abruptly closing consumers accounts who have been great customers paying their bills on time. This also hurts the stores, because they lose tons of business from good paying customers who pay their bills."
2026-04-27 13:36:19,Credit card,JPMORGAN CHASE & CO.,MD,"My credit card agreement with Chase states that it will issue me a {$50.00} account credit when I book and pay for a hotel stay through XXXX XXXX website. I did book and fully pay for a hotel stay on the XXXX XXXX website on XX/XX/year>. I waited several weeks for the statement credit and after not receiving one I contacted Chase multiple times to request that it issue the credit. I provided proof of my hotel booking. To date, Chase has not provided the statement credit and has not provided me information as to why it has not despite my several times in contacting Chase. This is a breach of the card contract agreement."
2024-01-17 00:00:00,Credit card,SYNCHRONY FINANCIAL,MN,"On XX/XX/XXXX I called To pay off the promotional balance in the amount of {$790.00} on the XXXX XXXX XXXX XXXX  account that was expiring in XXXX as of XXXX. I requested it the representative to allocate the payment towards the promotional balance. 

When I called on XX/XX/XXXX I was advised that the original request was not done and that a new request would be placed. 

I called back on XX/XX/XXXX and the payment still was not allocated towards the promotional balance on this day I was advised that it could take up 2 billing cycles. 

I called back XX/XX/XXXX and the payment still was not allocated. 
Then I called on XX/XX/XXXX and the payment has not been allocated, and now I have been charged the interest rate of 26 % in the amount of {$490.00} Towards the promotional balance. This amount should have never been charged to me. Because I was calling to originally pay off the promotional balance. 

After holding for 30 minutes, the representative was not able to assist me and told me to call back to resolve my issue. That's when I decided to contact the bureau."
2023-01-29 00:00:00,Credit card or prepaid card,"Credit Karma, LLC",MO,Credit Karma promised pre approval with excellent odds of approval when I was denied for said credit cards. The resulting applications ended up hurting my XXXX XXXX.
2023-08-06 00:00:00,Credit card or prepaid card,CAPITAL ONE FINANCIAL CORPORATION,GA,"I have been using capital one for more than 15 years. They currently froze my account. They said I needed to send them a copy of my drivers license, Social Security card, and proof of residency. So many scams out there I'm not real comfortable sending a picture of my Social Security card. Do I have to do that? Can they asked me to do that?"
2024-01-26 00:00:00,Credit card,GOLDMAN SACHS BANK USA,CA,"I traded in a laptop to Apple for {$650.00} - ie, Apple paid me {$650.00} for a laptop. They processed this payment on my Apple Card, which also subtracted {$19.00} in Apple Cash when I was paid for the Trade-in. 

The {$19.00} in Apple Cash should not have been subtracted. I'm owed {$19.00} in Apple cash. 

I initiated a support request. XXXX from Apple Card could not fix the problem, and filed an inquiry with Apple Card on my behalf. 

ALL CUSTOMERS WHO EVER TRADED IN A DEVICE TO APPLE, USING THEIR APPLE CARD ARE OWED APPLE CASH."
2023-07-24 00:00:00,Credit card or prepaid card,"CITIBANK, N.A.",NJ,"In the beginning of this year ( XXXX ), I noticed a {$55.00} charge on my Macys card. I only use my Macys card for Macys purchases because of the rewards for Macys dollars. I had not used this consistently for a while. I knew this charge was not made by me. My wallet was stolen in XXXXbut I had reported this card stolen the day it was stolen in XXXX of XXXX ( XX/XX/XXXX ). This made no sense to me. I called immediately and reported fraudulent charge. I did not know what transcentra payment meant and was not familiar with the charge. I was assured in 1-2 billing cycles the charge would come off, I would not be responsible for anything, and no fees would incur. Weeks later I notice the {$55.00} is increasing and theres late payments. I assume to just wait it out. It increases more and more. I receive something in the mail saying I owe money. I call Macys. Im on the phone for 2 hours, repeating my story to 3 people. One lady tells me to call back in an hour. She doesnt want to deal with it. The next lady says to email Macys fraud department proof of fraud. She asked why it took me a year to report this. I said the charge is showing up for XXXX, what do you mean it took a year? She says the charge was made at XXXX XXXX XXXX in XXXX on XX/XX/XXXX. I said XXXX is where the thief lives ( she was caught by the detective last year ) ; in addition, I dont go to XXXX because it is not a safe town, and I had reported this card stolen on that date. Also, why didnt this charge show up then? Why is it showing up a year later? And why didnt I receive anything in the mail until I had reported this? I email the fraud department emails between me and the detective. It has a photo of the girl who stole my wallet and dialogue between me and the detective, saying she was from XXXX and it had the dates as well. I asked to close the account ASAP because this company was treating this like a joke. Assuming this would suffice, I waited. Some time later, the money owed is increased to {$170.00}. My credit score dropped from XXXX something to XXXX. I am looking to get a mortgage this year so I became very nervous. I received a letter in the mail saying that this was not fraudulent and that I owed money. I paid the fees because I didnt want my score affected further. Macys was dragging their feet and I couldnt rely on them. I would figure this out later. I call 2 weeks or so later when I had time, knowing this would take forever. I was on the phone another 2 hours. They refused to give me a manager. He said he had multiple tabs open trying to figure this out. I said I needed to be refunded and I needed this reported as fraudulent to fix my credit score. He gave me wrong dates and numbers. I asked specific questions about the date of the charge, place of the chargeetc. I was told XXXX XXXX XXXX  in XXXX XXXX. I repeated this was the date I reported my card stolen and was where the thief lived. No one could answer why I got nothing in the mail for a year and why nothing showed up on the account for a year. He said I reported the card stolen two days after the girl got caught.I gave him the exact dates and said thats not possible. He said he could refund me the {$31.00} late fees {$41.00} late {$2.00}. I said I paid {$170.00}. I want this refunded. He said he would refund the fees for now and I could speak to a credit specialist. He has not refunded these fees. I have his employee number. He gave me the wrong number to the credit specialist after assuring me 3 times it was correct. I knew it would not be, so I kept saying are you sure. The credit specialist tries to help me ; she says her computer is freezing from all of the notes. I had to repeat my story again. She says I will conference you in, please hold. Im on hold for a while. Then, it says Macys survey and it hangs up. I wait an hour for them to call back because they have my number. No one calls back. I call again and she says they close in 30 min and the manager is away for 2 days. I said I need this reviewed and this is not okay. Her name is XXXX. She says manager will call back in 10 days. It has been 10 days and Ive gotten no call. In addition, yesterday I received a letter from Macys digitally stating they havent received my payment, please send proof of payment via fax.Is this a joke? I am very frustrated with the incompetency and can not believe this is how Macys AMEX is handling everythingI am uploading as much as I can but most things were handled verbally for HOURS, wasting so much of my time and energy and creating so much unnecessary stress."
2026-04-29 11:55:32,Credit card,CAPITAL ONE FINANCIAL CORPORATION,NC,"On XX/XX/XXXX, Capital One issued written confirmation that my Quicksilver XXXX  Credit Card account ( ending in XXXX ) had been credited {$430.00} in connection with a dispute against XXXX  XXXX ( Case No. XXXX ). The letter contained no reference to any hold or access restriction on those funds. 
On XX/XX/XXXX, a Capital One representative verbally confirmed the funds would be accessible by XX/XX/XXXX. They were not released and no written explanation was provided. 
On XX/XX/XXXX, I contacted Capital One and was escalated to Supervisor XXXX ( Agent ID : XXXX ), who offered two contradictory verbal justifications for the hold in the same call first that the merchant had not responded, then that the amount was the reason. When I requested written documentation of the hold, Supervisor XXXX stated verbatim : Theres no other document we can give you. He also reviewed my internal account history and confirmed Capital Ones own records corroborate my dispute, including my card being locked twice and me being on the phone with their fraud team during the disputed transaction. 
On XX/XX/XXXX, Capital One representatives on a recorded call verbally acknowledged that maintaining the hold violates Regulation Z but stated there was nothing they could do. 
Later that same day, Capital Ones own mobile application showed Case XXXX as Closed with the explicit statement : At this time, youll keep the credit of {$430.00} that we posted to your account. Despite this final written resolution, the hold remained. 
I submitted a formal written demand letter via Capital Ones secure message portal citing violations of 15 U.S.C. 1666, 12 CFR 1026.13 ( d ), and 15 U.S.C. 45. Within hours, Capital One sent a written email stating : As a result of the documents we received from you, weve reopened an existing merchant dispute for your account. Capital One has therefore created a written record explicitly connecting the reopening of a finally closed and resolved case to my exercise of statutory consumer rights under the FCBA."
2023-05-24 00:00:00,Credit card or prepaid card,SYNCHRONY FINANCIAL,FL,"I contacted Synchrony in regard to updating my Walgreens account/rewards number that's associated with the Walgreens Mastercard , but they don't have a solution. I am doing this because Walgreens customer service said in order to merge my old Walgreens account and my new account ( my old account has my Walgreens Mastercard attached to it ), I'd have to update my Walgreens account/rewards number on it with Synchrony. My new Walgreens account number is XXXX."
2024-08-03 00:00:00,Credit card,CAPITAL ONE FINANCIAL CORPORATION,OH,"I have been a Capital One customer for many years. This month they did not send me a statement in the mail as they have always done. When I called them the first time over a week ago they said they had mailed one, but, when I called again about a week later they admitted that they had changed my account to Paperless Billing. I did not request this and do not want it, and it is my understanding that it is illegal for a company to do this without notifying the customer and allowing the customer to choose paper billing instead."
2023-01-19 00:00:00,Credit card or prepaid card,AMERICAN EXPRESS COMPANY,SC,"keep getting calls on my cell from some one saying they are American Express regarding a loan application- have no loan application, have receeived 12 calls from XXXX. When I call they want me to give them my SSN."
2023-12-01 00:00:00,Credit card,"EQUIFAX, INC.",IL,"Take note of the attached documents. I want the bureau to look into these accounts, as I have a history of being punctual, contrary to their current late reporting."
2023-09-29 00:00:00,Credit card,Atlanticus Services Corporation,NC,"Fortiva Credit Card owned by XXXX XXXX XXXX XXXX but controlled by a third party. XXXX XXXX XXXX XXXX may not know of the illegal/ predatory lending practices that the third party is committing, or maybe they do know and don't care. 

Fortiva is more like all the other credit cards owned by XXXX XXXX XXXX XXXX. They target low income/ and consumers with low credit scores. Banks like XXXX XXXX XXXX get rich off the poor/low income consumers, They take advantage of the low income. 

Companies like this one, break the law in every State they do Business with.

They mislead, false advertisement. They get you approved for one of there cards, make promises and once your approved they change the terms and conditions without consent.

In my case, they violated the truth in lending Act. Promised me certain terms and conditions and changed those once I applied and was approved. Charging monthly fees, yearly fees, not posting the payments when they're made in order to made extra money from interest. 

I have paid a total of {$640.00} since I've had this credit card, and my balance never goes down, enough since I don't use it. Each month those show my balance above the {$700.00} credit limit, after making payments, my balance finally comes just {$10.00} below the limit balance {$690.00} the next month when my bill is due, my balance shows above the credit limit. 

Credit Card companies like Fortiva is no different than payday loans that charge upwards of 500 %. Make your min payment of {$60.00} and not use it, only to find your next months balance still only {$10.00} below the credit limit. This Business main objection is to get rich, while making sure the CEO gets rich while robbing the poor and less fortune. It is very sad.

They're also violation the NC Consumer Protection Act here in North Carolina.

If CFPB doesn't do anything to stop these fraudsters from ripping off the low income consumers of this Country, than the only other thing I know to do is have my Attorney XXXX  to file a lawsuit, possibly a class-action after we contact other consumers with the same or similar issues. When it comes to class-actions, we do have a work around the so-called arbitration cause to pursue a class action. These fraudsters are also violating my rights under the FCRA but more so my rights under the NCFCRA which entitles me to damages."
2024-08-19 00:00:00,Credit card,SYNCHRONY FINANCIAL,WA,"On XXXX there was a world wide system outage via global XXXX outage ( you can look it up ) and I was unable to make my monthly payment because the credit cards phone pay system was down. I was advised that any late fees would be waived. I had to call to have the late fee waived and in addition my monthly payment increased from XXXX to XXXX because it includes that late fee. When I called today XX/XX/year> they told me they can't adjust the payment amount and that it didn't go up because of the XXXX late fee, it's because my balance increased which is not correct. I worked in the credit card industry for over 15 years and I went over the terms with agent and supervisor stating that it is the late fee that caused the increase. This is incorrect and they will not adjust my payment amount."
2024-05-03 00:00:00,Credit card,"CITIBANK, N.A.",TX,Company refuses to give me a monthly statement. They put me on XXXX Statements but no longer offer a pdf of the statement. Only offer XXXX spreadsheet. I am entitled to a monthly statement.
2024-12-02 00:00:00,Credit card,CAPITAL ONE FINANCIAL CORPORATION,CA,"XX/XX/year> Re : Credit Card Fraud Report - Unauthorized Airport Transaction Dear Sir/Madam, I am writing to report fraudulent activity on my Capital One credit card. I have identified an unauthorized transaction that requires investigation : Transaction Details : Merchant : XXXX  Amount : {$1300.00} USD Date : XX/XX/year> I have substantial evidence suggesting my credit card information was compromised during a dining experience at XXXX XXXX XXXX where my card was taken to a back office due to an allegedly malfunctioning card reader. This was the only instance where my card left my possession. Despite having notifications enabled for all transactions, I did not receive any alert for this unauthorized charge. 

The transaction is labeled as lodging ; however, I can definitively prove that my legitimate lodging was at the XXXX XXXX XXXX XXXX XXXX from XX/XX/XXXX through XX/XX/year>. Capital One has not provided the merchants contact information or account details where the funds were transferred. 

To support my case, I am providing the following documentation that establishes my legitimate transactions and whereabouts during this period : Car rental receipt XXXX XXXXXXXX baggage fee receipt XXXX XXXX lunch receipt ( where the card was taken to the back office ) XXXXXXXX XXXX XXXX receipt and credit card statement Despite providing this documentation to Capital One, my dispute has been denied. I am requesting a formal police investigation into this matter, as I believe this may be part of a credit card skimming operation. Additionally, I will be filing complaints with the Consumer Financial Protection Bureau and the Office of the Comptroller of the Currency ( OCC ). 
Contact Information : XXXX XXXX XXXX XXXX XXXX XXXX, XXXX XXXX CA XXXX XXXX XXXX Please advise on any additional information or documentation required to proceed with this investigation. 
Sincerely,"
2026-04-07 00:00:00,Credit card,CAPITAL ONE FINANCIAL CORPORATION,UT,"I am submitting this complaint again because Capital One continues to avoid addressing the core issue and is providing dismissive responses stating that I am not a customer, despite the fact that I previously held active accounts with them. 

This is not an acceptable resolution. 

My accounts were closed, and I am requesting a review and reinstatement based on my positive payment history and account standing prior to closure. Instead of addressing this request, Capital One is refusing to engage by claiming I am no longer a customer, which is precisely the issue being disputed. 

To be clear : I did not request the account closure I had a history of responsible usage and payments I am requesting reinstatement, not a generic explanation By stating I am not a customer, Capital One is avoiding accountability for their actions and refusing to properly investigate or respond to my request. 
If Capital One continues to refuse to engage on this matter, I am requesting that this be escalated further, as this response does not resolve the complaint.

I received Capital Ones response by mail ; however, I do not recall receiving any phone calls or attempts to contact me directly to discuss or investigate this matter further.

This raises concern that my complaint is not being meaningfully reviewed, but instead is being responded to with a standard or automated response. 

Simply stating that I am not a customer does not address the substance of my complaint, which is regarding the closure of my accounts and my request for reinstatement.

I am requesting direct contact regarding this matter, as I have not received any phone communication. I am available to discuss and resolve this issue. My phone number has change and I did provide it in all the complaints.

I will continue to document and pursue this complaint through the appropriate channels until a meaningful response is provided.

I have included statements in the last two complaints, how can I be classified as a "" not a customer ''?"
2025-05-15 00:00:00,Credit card,AMERICAN EXPRESS COMPANY,NY,"XX/XX/XXXX : I applied for the American Express Gold Credit Card because I saw the promotional offer on the website. It was offering XXXX membership rewards points if you spend {$6000.00} on purchases using your new card in the first 6 months of card membership. I clicked on Apply Now to see if I am eligible and then it redirected to the page where I can submit my application. Shortly after I submitted, I received an email asking me to provide more information for the application, I went ahead and provided the requested document using the link they sent me. I also received a phone call the same day from an American Express representative asking me to provide more details for the gold card application. I answered all the questions she asked me over the phone and before we hung up, I explicitly asked her, just want to check that I will be receiving the XXXX membership rewards points after I complete the spending requirement within the specified timeframe. The representative said yes, I see that you are approved for the offer and then we ended the conversation. 
XX/XX/XXXX : I received the email that my application is successful and I am approved for the new card. 
XX/XX/XXXX XX/XX/XXXX : I have spent more than {$6000.00} using the gold card and I have also paid off the statement balance in my card. 
XX/XX/XXXX : My first interaction with an American Express customer service representative after I have completed the promotional offer requirement. I started an online chat within the American Express mobile app and inquired about when I will be receiving my membership rewards points. I was told that my promotional offer on the gold card was decline when I was approved of the card, she said there was a pop up that should have told you your promotional offer is decline. However, I did not see a pop up when I submitted the card application and when I was approved of the card. I told the representative that I even asked the representative who called me the day when I applied for the card on a recorded line, if I will receiving the promotional offer and her response was yes. Now you are telling me something completely different and you are saying that there was a pop up that I never saw anywhere. If I did, I obviously wouldnt apply for the card. She told me she would raise a case for me and escalate it to the internal teams so they can investigate it. 
XX/XX/XXXX : I followed up on the case by chatting with another American Express customer service representative within the American Express mobile app. She informed me that the case that was raised for me was closed. The case closed because the internal team ultimately concluded that I will not be getting the promotional offer for the gold card because it was decline when I applied. Again, I explained my situation to the customer service representative and asked her to raise another case. 
XX/XX/XXXX : I followed up again on the case within the American Express mobile app. The customer service representative that I spoke to told me that the case that was raised for me was closed again, and the investigation has the same result. I told her that XXXX very frustrated by this situation and she said she will raise the case again for me and she also give me the number ( XXXX ) XXXX to call so I can speak to someone over the phone. I called the number XXXX weeks after to follow up on the case. I explained whole situation to another American Express customer service representative over the phone. She said she saw that my case closed again and she will reopen my case for me and escalated so that I can get proper response. She told me that I will be receiving a call from American Express XXXX weeks after to inform me of the investigation. 
XX/XX/XXXX : I never received a call from American Express to provide me with an update on my case or to inform me of any investigation results. I called the number ( XXXX ) XXXX again, explain the situation again to a customer service representative, and he told me the same thing that your case is closed, your promotional offer is decline when you applied and you should have saw a pop up informing you that. I told him that I did not see the pop-up and theres definitely a recording in the American Express system to prove that I have asked a American Express representative if I was going to be receiving the promotional offer on the day that I apply for the gold card. He then transferred me to his manager. His manager said to me that they checked the recording system and did not find such recording that I am talking about. He kept on emphasizing that I should have saw a pop-up but I told him I did not and if I did, I wouldnt have gone ahead and applied for the card and spent so much money using the gold card. There is also no proof that such pop up showed up when I applied for the card. He said theres nothing he can do for me and basically I will not be receiving my promotional offer."
2024-05-03 00:00:00,Credit card,AMERICAN EXPRESS COMPANY,GA,"I applied for an American Express XXXX XXXX XXXX XXXX on the American Express website on XXXX XX/XX/2024. On the webpage through which I submitted my application, they advertise : "" XXXX XXXX : {$0.00} intro annual fee for the first year, then {$95.00} '' with a symbol to look at the terms and conditions. I would like to note that this promotion is still present on the webpage through which I applied, and an archive of the webpage on the day I applied ( XXXX XX/XX/2024 ) is available on XXXX, which shows the same promotion offered on that day. 

The terms and conditions document, which I have attached to this submission, inform that the eligibility for this offer can be affected by having a previous version of this credit card or offers related to existing membership, which do not apply to me. Even then, they say that if you're not eligible for the offer, they will inform you before you accept the application. When I accepted the credit card offer, I was not informed that I was not eligible for this offer and so I accepted under the conditions that I would not be charged an annual fee for the first year. 

On XXXX XX/XX/2024, American Express charged a {$95.00} membership fee to my account. 

I have since called customer service XXXX times to ask why I was charged this annual fee when I opened the account believing that I would be charged no fee for the first year. The first time, which I believe was XXXX XX/XX/2024, the representative said they would submit an issue and that someone would be back to me. I received no further information, so I called customer service again, I believe on XXXX XX/XX/2024. They again had no information to give me and told me that someone would follow up with me. I then called on XXXX XX/XX/2024 and the representative told me that the wavier of the {$0.00} intro annual fee did not apply to my account, but did not provide any other information about why it did not apply."
2025-07-14 00:00:00,Credit card,Atlanticus Services Corporation,AL,"I believe the receptionist at the dentist 's office I visited in XXXX ( XXXX XXXX of XXXX ) a few months ago opened a XXXX  account that I did not request, apply for, or sign for in the amount of {$3000.00}. Since XXXX, I have received a card that I did not request nor did I activate it. The card has a 35.99 % APR and the fees are astronomical. Last week when I called, the payment went from {$120.00} to {$420.00}. There are fees for everything, including a {$2.00} fee for paper billing. I was told XXXX months of fees would only be removed after I made a payment and not before. After only a few days, late fees have ballooned my account past due total to {$580.00} when it was {$420.00} earlier. The statement for a payment owed on XXXX XXXX showed that I owed {$420.00}, which is now ( on XXXX XXXX ) increased to {$580.00}. ) When I asked the payoff amount, the representative was adamant that I only needed to bring the account current and not pay it off. A total was not provided. In a written request, I asked Fortiva to remove the fees and close the account, because I did not apply for the account. Please investigate this company. Also, any assistance in getting this situation resolved would be greatly appreciated."
2023-11-30 00:00:00,Credit card,JPMORGAN CHASE & CO.,IL,Chase has charged me XXXX dollars for an account that was closed. They refuse to reopen the account and stop the fees. They charged me XXXX dollars in fees already after I told them to stop and give me account information. If they closed my accounts how did they charge me and why all the fees? It is illegal.
2023-07-08 00:00:00,Credit card or prepaid card,SYNCHRONY FINANCIAL,AZ,"In XX/XX/XXXX I purchased what I was told was a painting. In XXXX XXXX the painting was sent to me via XXXX. The painting was left outside my door in the rain. When I opened the package, the painting was in the wrong frame and wrinkled. I also learned at that point that it was not an actual painting. It was a print copied onto canvas and some type of clear paint added to make it look like an actual painting. The painting came with a certificate of authenticity, a registration number, and the actual print was numbered ( XXXX out of XXXX ) and signed. I contacted Park West Gallery and sent them pictures. After some back and forth the XXXX agreed to take the painting back and reframe it. Park West arranged for XXXX to come pick up the painting. On XXXX XXXX XXXX the painting was picked up by XXXX. At this point I learned almost XXXX weeks later that XXXX had mixed up shipping packages and lost the painting. I made every effort I could on my end to locate the lost painting even spending XXXX hours going though thousands of pallets of returned goods in warehouses. XXXX informed me that they acknowledged they lost the painting and they would reimburse Park West once they made a claim. I spoke back and forth with Park West and they refused to cancel the charge. I disputed the charge immediately with XXXX Bank when the painting first arrived damaged. I was told to fill out everything online using a link that was given to me. I also followed this up with a letter. After opening the dispute I did not ever receive anything in writing from synchrony. When I followed up with the credit card company, they said they would mail out confirmation of the dispute including any responses from Park West. The next communication I received is that the dispute was closed and found in favor of Park West because they agreed to send me a DIFFERENT painting. I informed Synchrony that I did not want a different painting and that I should not be forced into purchasing a different painting. I tried to file a claim with XXXX but was told that Park West must file it because they arranged for and paid for the shipping. When I contacted Park West they wrote back stating that they would not be filing a claim and that I would be forced to accept a different painting. Again, my painting was registered, numbered and was not an actual painting as I was told it was when I purchased it on the cruise ship. I let Park West and XXXX know that forcing me to purchase a different painting with a different registration number and different number in the limited edition series was not acceptable. I also let XXXX know that Park West had the option of getting their money back from XXXX if they would file the claim. At this point ( Beginning of XXXX ) I was told that the dispute would be reopened and again was told that they would mail out everything in writing. I have explained the situation to XXXX and I was told that I could file the claim myself if Park West would sent me a release to do so on their letterhead. They have refused to do so. I have attempted to dispute this charge with XXXX XXXX times. Each time they say I am liable for an item I never received due to the stores no return policy. I don't believe this policy should take the place of never receiving the item. XXXX to replace the item with a different item is not acceptable. Park West has the option of getting the money back for the painting, they just refuse to do it. I believe they are waiting for me to pay for it, then they will file with XXXX essentially selling and collecting money for two so called paintings not just one. If they offer me the same painting it would have to have the same registration number and have the same XXXX out of XXXX on it signed by the artist as the first one did. If they do this it will be fraud. There is no way for them to replace a painting that is registered and numbered. It was a one of a kind item. They have the ability to recoup the money from the lost painting, but they refuse to do so. This makes no sense to me. Being charged by XXXX and ruining my credit for an item never received is also fraud. Not complying with the law to send me documents in writing mailed out to me is also not right. This company misleads consumers and tells them they are buying actual paintings and they are not actual paintings. They sent out certificates of authenticity with registration numbers and hand number the paintings on the back, then claim they can just replace the painting... .How can there be an exact replacement if the painting was registered and numbered? I would like to know why I am being harassed by Park West and Synchrony and also having my credit destroyed when Park West could simply file a claim with XXXX and get their money back for the lost painting. No person should be made to pay for something that was not received."
2024-12-29 00:00:00,Credit card,"CITIBANK, N.A.",OR,For the second time this year someone has tried to open a credit card through citi bank in my name. One went through and this time it did not but clearly someone has my information and trying to open things. I am not sure what to do besides file through here.
2025-07-22 00:00:00,Credit card,CAPITAL ONE FINANCIAL CORPORATION,FL,Capital one quick silver XXXX. Paid card with a second/household account I have had listed on te account. Paid XXXX towards a XXXX charge for garage door repair. They will only say its policy to verify and will not explain why they are discriminating against an XXXX XXXX XXXX woman. They want to do a XXXX way call with my bank to verify my accounts. Charges cleared account on XX/XX/year>. They have restricted entire card usage until I allow them to call my bank. The statement had not even cut off when payment was made. They are treating customers unfairly. Not telling the full story and discriminating against me. They even lowered my credit limit last year from XXXX to XXXX and said it was because I did not use my card enough.
2025-09-03 00:00:00,Credit card,CAPITAL ONE FINANCIAL CORPORATION,KY,"I have a Capital One credit card account that displays inaccurate late payment entries. These entries have been present on my credit report for an extended period, and I request their removal. This action is necessary to prevent these errors from negatively impacting my credit score."
2023-02-10 00:00:00,Credit card or prepaid card,"Bread Financial Holdings, Inc.",KS,"On XX/XX/2023 I noticed a charge on my express credit card for {$450.00}. I did not make any purchases that day. I was actually at work. When I logged into my account, it stated that a bag of some sort had been purchased for that amount in Ohio. I reside in Kansas. I immediately called the company and advise them that I did not make this charge, and I was told that it would be reported to fraud. I noticed that the charge was removed from my account, and it was taken off of my credit report. I thought that the matter had been solved, I was told that the account had been closed, and I would be issued a new card. On XX/XX/2023 I received a notation in my credit monitoring that my credit score had decreased by XXXX points. I also received an email from XXXX stating that my bill was due to be paid. When I logged into my account, the previous charge of {$450.00} was stating as amount owed. In the first opportunity during my workday, I called and I spent a significant amount of time on the phone trying to rectify this. Unfortunately because I work in medicine, I had to return to see another patient and I had to get off the phone. I called back at the very next opportunity, the same evening, and was transferred multiple times. Each person I spoke with, said that they didnt understand what had happened, and they were going to transfer me to a department that could assist me. on XX/XX/2023 at XXXX XXXX. I spoke with the fraud department with a person named XXXX. I was advised that there is nothing she could do and that I must call again tomorrow to speak with another fraud department. I did advise her that I work in medicine, and a critical access hospital where I am the sole provider. Due to the nature of my business ( emergency room ) there is no physical way. I can call to be on the phone at XXXX XXXX, there is no one to cover for me. She stated that she was sorry and that I needed to call. I asked each person I spoke with, if they could tell me what had happened that this charge was placed back on my account, I have never lived in Ohio. I do not know anybody in Ohio. And I have not used that card to purchase anything. I have yet to receive an answer, my credit score has declined significantly, and I have no way of managing this problem despite spending hours on the phone and multiple phone calls."
2024-07-16 00:00:00,Credit card,Self Financial Inc.,AZ,This account was open during COVID XXXX by my ex-husband with out my knowledge on- line. now we are divorced and I placed this in my divorced to have debit placed on his social security and it was grated XX/XX/XXXX.
2026-03-09 00:00:00,Credit card,U.S. BANCORP,OH,"b""In XXXX XXXX XXXX I had talked with XXXX XXXX XXXX regarding my credit card payments that I was making in excess of the minimum payment amount due for each month. I had talked with their customer service on a previous occasion and was told to submit a letter to the office by mail which I mailed a letter to their office in XXXX XXXX and I then received a phone call from their account manager XXXX on XXXX XXXX XXXX who called from the number of XXXX XXXX XXXX. She said that she would send how my payments over the minimum payments were applied but instead all she sent me was copies of what I had already received in my new monthly statements from the past. I had explained to her in that call anything over the minimum monthly payment due was to be applied to the cash advance balance that incurring interest. She told me they were but if you look at my bill it does not show proof of that. Me and her hours do not match up because I work days hours as she does. I had tried getting off work a little earlier to try and call after I got home but that was not working very well to make that happen. However I felt it was an argument from me explaining to her of how the payments were to be applied but she did not seem to understand how Regulation Z (TILA) works with the payments on a customer's account. All she sent me was the same copies of my credit card statements that I had already been receiving in the mail. If someone can explain to her how the over the minimum payments are to be applied for her to understand. I can send copies of what they sent me and cross out my credit card numbers and other private information. Let me know. I have not seen any reflections that the company has corrected any of my payments since talking with her so I have tried calling her again and left message that I would be contracting CFPB concerning this"""
2025-03-20 00:00:00,Credit card,"CITIBANK, N.A.",IN,"On XX/XX/XXXX, I signed up for the XXXX XXXX Citi Platinum card via a link on the XXXX XXXX website that promoted the following promotion : Earn up to {$400.00} statement credit on eligible XXXX XXXX purchases in the first 6 months of account opening. Plus, earn XXXX bonus miles after {$1500.00} in purchase within the first 3 months of account opening. The link led me to the sign-up page and asked me for my information. Upon providing my info, I was told that I was approved and that my card would be sent within XXXX business days. I received my card and purchased my airfare on the XXXX XXXX website on XX/XX/XXXX. I wait until my first statement came out to see if the {$400.00} credit was applied and it was not. I then called Citi on XX/XX/XXXX and informed the representative of this. The representative stated that they would open a case to get this looked into. They also said I would receive a resolution via email. I waited until XX/XX/XXXX to call again and check the status as I did not receive an email. Per the representative, the case was closed on XX/XX/XXXX stating, the {$400.00} promotional credit was not applied as this promotion is not included on my account. I requested to speak to a supervisor and they informed that when I signed up, I did not select the {$400.00} credit offer. I informed the supervisor that I did not have an option to choose the offer I wanted and was supposed to receive both. They refused to give me the credit based on their findings within their system. This appears to be a common practice by Citi bank as many individuals have reported the same feedback via a XXXX post I found. I'm very displeased with Citi and find this practice to be dishonorable and greedy on their part."
2025-10-27 00:00:00,Credit card,JPMORGAN CHASE & CO.,NY,"This complaint is filed by XXXX XXXX XXXX, XXXX, authorized representative of consumer XXXX XXXX, regarding JPMCB - CARD SERVICEs failure to provide verification of disputed account information. Despite a formal dispute sent on XX/XX/year>, and a follow-up letter, JPMCB - CARD SERVICE has not produced the required documentation or explained how the reported account was verified as accurate. This lack of response violates the Fair Credit Reporting Act ( FCRA ), which requires furnishers to conduct a reasonable investigation and provide proof of accuracy. The consumer, through his authorized representative XXXX XXXX of XXXX XXXX XXXX XXXX XXXX, requests that JPMCB - CARD SERVICE either submit proper verification documents or immediately remove the inaccurate account from all three credit bureaus to ensure compliance with federal law. JPMCB - CARD SERVICE XXXX"
2023-11-25 00:00:00,Credit card,JPMORGAN CHASE & CO.,CA,"I have been a customer with chase bank for over 20 years and more you bank with them their customer is getting worst and worst under the leadership XXXX XXXX and so-called XXXX  customer care team. XXXX customer care service is lousy and XXXX of the worst experiences ever. 
Chase bank doesnt let customers dispute charges made on XXXX XXXX  credit cards. Once you log on to the online banking there is an option called dispute a charge. Once you try to dispute a charge, they asked you to call customer care number. Once you call the customer care, they will send you a text to the phone to dispute charges. Once you click on the link and try to dispute the charge, they will ask you to call customer service number. It is a ping pong game and no body from customer service team dont pick up the phone to make it extremely harder to dispute a charge. 
I rented the car from budget and the sales pressure was high to purchase a XXXX XXXX XXXX  and I told the rep at the counter that I am staying close to XXXX and asked how many XXXX XXXX  that I had to go through in order to get to my hotel and the answer was many and I ended up buying the XXXX  XXXX  for 7 days and on the way to the hotel I realize there are no XXXX  XXXX  on the way. I called the budget customer support following day to cancel XXXX XXXX purchase since there are 7 days left and to my dismay, they told me that I must return the car to cancel the XXXX XXXX XXXX  purchase. Not sure why you need to return the car since there is an alternative option to pay only if I go through a tXXXX XXXX and under the heavy traffic in XXXX, I didnt want to go to the XXXX to return the car to waste my precious time. 
Rep at the counter was not honest with me and they didnt cancel the purchase following day asking me to return the car."
2025-05-12 00:00:00,Credit card,"CITIBANK, N.A.",PA,Both of these accounts were closed without my knowledge. No reason was given to me regarding the reason. I would like for them to be reopened.
2023-12-04 00:00:00,Credit card,JPMORGAN CHASE & CO.,SC,"I have about XXXX XXXX points missing from my Chase XXXX XXXX card. I have been told by Chase that the points I see on my account ( screenshot attached )- which clearly shows I have XXXX points - represents the points I have earned over the life of the account and that I only have about XXXX points that I can use. However I have never redeemed points and have not been given an explanation for where the XXXX points have gone. I have included XXXX screenshots showing I clearly have XXXX points and XXXX screenshot showing that I only have XXXX when I go to use them. The remaining attachments are my secure messages with chase where they tell me nothing is wrong and never provide an explanation for where the points have gone. You can see on the fourth attached secure message to chase that they said they will "" no longer respond to this specific inquiry '' so without explaining where the points have gone they have also told me they wont respond to me any further about this matter. My only recourse at this point for an explanation is a CFPB complaint."
2024-07-14 00:00:00,Credit card,"Carvana Group, LLC",VA,Carvana LLC tried to access my frozen credit report without my permission and for no apparent reason. I am not in the process of purchasing a vehicle.
2026-03-29 00:00:00,Credit card,SYNCHRONY FINANCIAL,FL,"My name is XXXX XXXX and I got a Care credit Card around XXXX ofXX/XX/2024. I put about {$1300.00} on the card. I was told I needed to the card off in a year in order to not receive any interest. I paid a few XXXX initially on the card and then paid {$200.00} every month except XXXX where they took an extra {$200.00} out of my account for some reason. 

I was told through a Care credit advisor that anytime you put a charge on the card as long as you pay it off within time frame they allot, you don't get charged any interest. Well I put another XXXX charges on the card. All of these charges were for dental work. I was not told that the last XXXX charges needed to be paid right away. Had I have known, I never would have put the charge on that card. In fact, had I have known how ridiculous the fees were, I would have never got this card to begin with. It's awful. 
Due to the poor description of the card by the advisor, I had been charged an interest fee of {$390.00}, I believe in XXXX of this year and then another charge of XXXX in XXXX and I believe the last charge was only XXXX. As soon as I found out about these charges late XXXX, I called and spoke to XXXX and then when XXXX couldn't help me I was transferred to XXXX, the XXXX who also told me there was nothing he could do. 
I completely paid off the rest of what was on my card, any remainder of my past charges. It was a little over {$600.00}. That being said, I don't believe that it's fair that I was told XXXX things and charged close to {$500.00} in interest. Had I have understood how the card actually worked I would have never had allowed that to happen. It's disgusting that these companies are profiting off people that don't even understand the card. 
It was my fault for not checking my account regularly. Although we would get charged for statements and online they make it quite difficult to even get a statement, or to look up anything. There is about {$480.00} left on that card, which was all interest charges. I would just like my account closed and for that to be be written off since it was received through lies and trickery."
2023-07-14 00:00:00,Credit card or prepaid card,CAPITAL ONE FINANCIAL CORPORATION,LA,"In accordance with the Fair Credit Reporting Act, Capital One Account and XXXX XXXX account has violated my rights. 
15 USC 1681 Section 602 States I have the right to privacy.

15 USC 1681 Section 604 A Section 2 : It also states a consumer reporting agency can not furnish my account without written instructions.

15 USC 1666 B : A creditor may not treat a payment on a credit card account under an open end consumer as late for any purpose"
2025-04-07 00:00:00,Credit card,"CITIBANK, N.A.",NY,"On XX/XX/2025, i placed an order on XXXX using my Macys credit card. after completing the transaction i received an email stating that they cancelled my order because they were unable to verify information in connection with this purchase. I called Macys XXXX  Protection team and was told that i would not be able to make online purchases at Macys and XXXX, they told me it was not due to any credit issue, but were unable to give me any more info as to why this happened. I tried again using my XXXX card to make the purchase and again received a cancellation email. I made a XXXX call and was told they would be doing an inquiry. A few hours later i received an email stating they would no longer be able to ship future orders and this was their final decision with no explanation, but that i would be allowed to make in store purchase with my Macys card."
2024-11-13 00:00:00,Credit card,CAPITAL ONE FINANCIAL CORPORATION,TX,Contacted customer service on XX/XX/year> to request a copy of the 1099C that was filed associated with my accounts. I was told it would take 30 days to receive the documents but I have not received any documentation yet. Called XXXX XXXX  again today XX/XX/year> and was told that they aren't able to send me the documents and she then referred me to the IRS to ask them to send me the documents.
2023-01-04 00:00:00,Credit card or prepaid card,"BANK OF AMERICA, NATIONAL ASSOCIATION",CA,"As I was closing my accounts for the year, I discovered funds missing from my Bank of America EDD account due to unauthorized transactions and transfers, so I filed XXXX claims on XX/XX/XXXX totaling appx {$5000.00} which is a significant amount of money to lose especially given I'm about to have a baby. It is now XX/XX/XXXX and Bank of America EDD Prepaid cardholder department refuses to abide by their prepaid cardholder agreement. No funds have been restored to my account nor has there been a decision made on whether or not they are to do so. I'm beginning to consider this a discrimination suit."
2026-03-12 00:00:00,Credit card,AMERICAN EXPRESS COMPANY,WA,"I am submitting this complaint regarding multiple unauthorized charges on my American Express XXXX XXXX credit card. 

My account shows numerous transactions from different merchants including XXXXXXXX XXXX XXXX XXXX XXXX XXXX XXXX XXXX XXXX XXXX XXXX XXXX XXXX XXXX XXXX XXXX XXXX XXXX XXXX XXXX XXXXXXXX XXXX I did not authorize these purchases. 

I reported these transactions to American Express as fraud and expected the company to conduct a proper fraud investigation. However, American Express failed to properly investigate these charges and did not provide a clear explanation of how it determined that the transactions were authorized. 

These transactions occurred across multiple merchants and include an international charge, which should have raised clear fraud alerts. Despite reporting the issue, American Express failed to take reasonable steps to investigate or resolve the fraudulent activity on my account. 

As a consumer, I believe American Express failed to conduct a reasonable investigation into the fraudulent charges and failed to adequately protect my account after fraud was reported. 

I am requesting that American Express reopen the fraud investigation, remove all unauthorized charges associated with these transactions, and provide a written explanation of the evidence used in determining that these transactions were authorized."
2025-11-25 00:00:00,Credit card,"CITIBANK, N.A.",CA,"On XX/XX/year>, I applied for and was instantly approved for a Citi XXXX XXXX Credit Card with a {$35000.00} credit limit. Shortly after receiving the physical card, the account was immediately restricted, and Citi Bank requested an IRS 4506-C form ( Request for Transcript of Tax Return ) to verify income. I complied with this request, sending the form multiple times as requested. I also called Citi Bank Customer Service to confirm receipt and was advised to simply wait for the review process to complete. 
Approximately 15 days ago, I received a letter stating that Citi Bank had unilaterally closed the account. This closure was executed after I provided the requested documentation and while the account was restricted. The initial approval, subsequent restriction, and final closure have resulted in an unfair and negative impact on my credit history."
2025-02-17 00:00:00,Credit card,"Bread Financial Holdings, Inc.",MN,A Card was opened in my name with out my authorization. went to a XXXX  Jewelers on XX/XX/XXXX and was asked to sign up for a credit card and I said no to the card and then on the XX/XX/XXXX I received a mailing from XXXX with a credit card. I was able to Cancel the account on XX/XX/XXXX.
2025-05-22 00:00:00,Credit card,JPMORGAN CHASE & CO.,FL,"I disputed a charge from XXXX, a deceptive third-party travel site that mimicked a hotels official website. The company is widely known for deceptive practices and has a pattern of complaints listed on the Better Business Bureau website. I can even see that they have since stopped doing hotel reservations, likely because of the enormous volume of customer issues and regulatory agencies flagging them for the same thing that happened to me. 

I reported the charge as fraud in XX/XX/year>. My XXXX  card issuer initially reviewed it, but then denied the claim, despite clear evidence that the transaction was misrepresented. The website claims that I authorized a transaction, but when I was at the hotel they claimed I made a reservation for the hotel confirmed I had nothing in their system and was forced to purchase a reservation directly with the hotel, which Chase can see on my statement. I am now appealing their decision, but I believe this reflects a failure by the issuer to uphold basic fraud protections. 

I am requesting assistance in resolving this matter and recovering the funds taken under deceptive conditions."
2024-04-26 00:00:00,Credit card,CAPITAL ONE FINANCIAL CORPORATION,NJ,"XX/XX/XXXX I received an email from capital one stating, I was approved for a new credit card. However I never applied for one. Than I received an email my phone number had been updated! Fast forward XX/XX/XXXX, I received an email that my card is coming in the mail on XX/XX/XXXX. However I never applied for a credit card!"
2024-03-15 00:00:00,Credit card,"TRANSUNION INTERMEDIATE HOLDINGS, INC.",TN,"I urge you to promptly remove this late payment from my account, as it does not accurately reflect my payment history. I have consistently made timely payments, and it is unacceptable to have this erroneous entry listed. Please update my account promptly."
2023-08-31 00:00:00,Credit card,CAPITAL ONE FINANCIAL CORPORATION,KS,I scheduled a payment for {$2000.00} for the due date on my capital one credit card. There is a {$2000.00} limit and was over the limit. I normally pay $ XXXX payments monthly and regardless of the time or day those are made the credit is made available to me immediately. This time I paid off the balance and the company cant charge me interest so they have held my payment for up to 14 business days. The money has left my bank account and is supposedly pending on capital ones end. I find this wild considering they are release my available credit immediately any other time I make a payment. So consumers are punished for paying off their high interest credit cards by not being allowed access to their credit immediately like in any other situation.
2025-03-14 00:00:00,Credit card,JPMORGAN CHASE & CO.,CO,"This complaint is regarding Chase Credit Card services.I received a change of APR notice that indicated my APR would be increasing to the penalty amount for a "" late or returned payment. '' However, I did not have a late or returned payment to the company. When I called to dispute the increase I was passed around to 4 individuals and told I could not dispute. My APR should not be increasing."
2024-10-22 00:00:00,Credit card,Experian Information Solutions Inc.,TX,"This inquiry was not authorized by me, and I did not communicate with this lender on the specified date."
